0, 0, Header, 0, 1, 86
1, 0, Start_track
1, 0, Tempo, 500000
1, 0, Program_c, 0, 0
1, 0, Note_on_c, 0, 64, 70
1, 34, Note_on_c, 0, 63, 66
1, 34, Note_off_c, 0, 64, 64
1, 37, Note_on_c, 0, 62, 68
1, 37, Note_off_c, 0, 63, 64
1, 39, Note_on_c, 0, 61, 72
1, 39, Note_off_c, 0, 62, 64
1, 47, Note_off_c, 0, 61, 64
1, 47, Note_on_c, 0, 62, 72
1, 49, Note_off_c, 0, 62, 64
1, 49, Note_on_c, 0, 63, 76
1, 52, Note_off_c, 0, 63, 64
1, 52, Note_on_c, 0, 64, 75
1, 59, Note_on_c, 0, 63, 84
1, 59, Note_off_c, 0, 64, 64
1, 70, Note_off_c, 0, 63, 64
1, 70, Note_on_c, 0, 64, 81
1, 80, Note_on_c, 0, 63, 83
1, 80, Note_off_c, 0, 64, 64
1, 84, Note_off_c, 0, 63, 64
1, 84, Note_on_c, 0, 64, 83
1, 94, Note_on_c, 0, 63, 83
1, 94, Note_off_c, 0, 64, 64
1, 121, Note_on_c, 0, 62, 77
1, 121, Note_off_c, 0, 63, 64
1, 123, Note_on_c, 0, 61, 69
1, 123, Note_off_c, 0, 62, 64
1, 124, Note_on_c, 0, 60, 71
1, 124, Note_off_c, 0, 61, 64
1, 126, Note_on_c, 0, 59, 66
1, 126, Note_off_c, 0, 60, 64
1, 128, Note_on_c, 0, 58, 55
1, 128, Note_off_c, 0, 59, 64
1, 130, Note_on_c, 0, 71, 31
1, 131, Note_off_c, 0, 58, 64
1, 132, Note_on_c, 0, 60, 60
1, 132, Note_off_c, 0, 71, 64
1, 134, Note_off_c, 0, 60, 64
1, 134, Note_on_c, 0, 61, 59
1, 136, Note_off_c, 0, 61, 64
1, 136, Note_on_c, 0, 62, 55
1, 138, Note_off_c, 0, 62, 64
1, 138, Note_on_c, 0, 63, 57
1, 143, Note_on_c, 0, 62, 52
1, 143, Note_off_c, 0, 63, 64
1, 145, Note_on_c, 0, 61, 52
1, 145, Note_off_c, 0, 62, 64
1, 146, Note_on_c, 0, 73, 65
1, 149, Note_on_c, 0, 60, 53
1, 149, Note_off_c, 0, 61, 64
1, 149, Note_off_c, 0, 73, 64
1, 153, Note_on_c, 0, 73, 46
1, 154, Note_off_c, 0, 60, 64
1, 154, Note_on_c, 0, 61, 49
1, 158, Note_off_c, 0, 61, 64
1, 158, Note_on_c, 0, 62, 40
1, 159, Note_off_c, 0, 73, 64
1, 163, Note_on_c, 0, 73, 50
1, 164, Note_on_c, 0, 61, 46
1, 164, Note_off_c, 0, 62, 64
1, 179, Note_off_c, 0, 73, 64
1, 180, Note_off_c, 0, 61, 64
1, 180, Note_on_c, 0, 62, 64
1, 252, Note_on_c, 0, 61, 52
1, 252, Note_off_c, 0, 62, 64
1, 254, Note_off_c, 0, 61, 64
1, 269, Note_on_c, 0, 63, 45
1, 272, Note_off_c, 0, 63, 64
1, 272, Note_on_c, 0, 64, 45
1, 282, Note_on_c, 0, 63, 50
1, 282, Note_off_c, 0, 64, 64
1, 299, Note_off_c, 0, 63, 64
1, 299, Note_on_c, 0, 64, 53
1, 302, Note_on_c, 0, 63, 59
1, 302, Note_off_c, 0, 64, 64
1, 310, Note_on_c, 0, 62, 60
1, 310, Note_off_c, 0, 63, 64
1, 321, Note_off_c, 0, 62, 64
1, 321, Note_on_c, 0, 63, 65
1, 324, Note_off_c, 0, 63, 64
1, 324, Note_on_c, 0, 64, 71
1, 332, Note_on_c, 0, 63, 74
1, 332, Note_off_c, 0, 64, 64
1, 336, Note_on_c, 0, 62, 73
1, 336, Note_off_c, 0, 63, 64
1, 338, Note_off_c, 0, 62, 64
1, 338, Note_on_c, 0, 63, 74
1, 342, Note_off_c, 0, 63, 64
1, 342, Note_on_c, 0, 64, 77
1, 354, Note_on_c, 0, 63, 78
1, 354, Note_off_c, 0, 64, 64
1, 361, Note_off_c, 0, 63, 64
1, 361, Note_on_c, 0, 64, 78
1, 395, Note_on_c, 0, 63, 76
1, 395, Note_off_c, 0, 64, 64
1, 399, Note_off_c, 0, 63, 64
1, 400, Note_on_c, 0, 63, 23
1, 404, Note_off_c, 0, 63, 64
1, 414, Note_on_c, 0, 62, 66
1, 416, Note_off_c, 0, 62, 64
1, 416, Note_on_c, 0, 63, 70
1, 418, Note_off_c, 0, 63, 64
1, 418, Note_on_c, 0, 64, 76
1, 478, Note_off_c, 0, 64, 64
1, 479, Note_on_c, 0, 66, 60
1, 481, Note_off_c, 0, 66, 64
1, 481, Note_on_c, 0, 67, 63
1, 483, Note_off_c, 0, 67, 64
1, 483, Note_on_c, 0, 68, 67
1, 488, Note_on_c, 0, 67, 64
1, 488, Note_off_c, 0, 68, 64
1, 490, Note_on_c, 0, 66, 65
1, 490, Note_off_c, 0, 67, 64
1, 499, Note_off_c, 0, 66, 64
1, 499, Note_on_c, 0, 67, 65
1, 530, Note_on_c, 0, 66, 49
1, 530, Note_off_c, 0, 67, 64
1, 537, Note_off_c, 0, 66, 64
1, 539, Note_on_c, 0, 68, 18
1, 542, Note_off_c, 0, 68, 64
1, 557, Note_on_c, 0, 60, 63
1, 567, Note_on_c, 0, 71, 24
1, 568, Note_on_c, 0, 59, 62
1, 568, Note_off_c, 0, 60, 64
1, 571, Note_on_c, 0, 58, 53
1, 571, Note_off_c, 0, 59, 64
1, 571, Note_off_c, 0, 71, 64
1, 573, Note_on_c, 0, 57, 55
1, 573, Note_off_c, 0, 58, 64
1, 579, Note_off_c, 0, 57, 64
1, 579, Note_on_c, 0, 58, 48
1, 583, Note_off_c, 0, 58, 64
1, 583, Note_on_c, 0, 59, 47
1, 587, Note_off_c, 0, 59, 64
1, 587, Note_on_c, 0, 60, 47
1, 590, Note_on_c, 0, 59, 47
1, 590, Note_off_c, 0, 60, 64
1, 595, Note_on_c, 0, 58, 39
1, 595, Note_off_c, 0, 59, 64
1, 630, Note_on_c, 0, 71, 22
1, 636, Note_off_c, 0, 71, 64
1, 643, Note_on_c, 0, 57, 29
1, 643, Note_off_c, 0, 58, 64
1, 656, Note_off_c, 0, 57, 64
1, 656, Note_on_c, 0, 58, 28
1, 659, Note_off_c, 0, 58, 64
1, 659, Note_on_c, 0, 59, 28
1, 663, Note_off_c, 0, 59, 64
1, 667, Note_on_c, 0, 58, 29
1, 669, Note_on_c, 0, 57, 39
1, 669, Note_off_c, 0, 58, 64
1, 671, Note_on_c, 0, 68, 12
1, 672, Note_on_c, 0, 56, 41
1, 672, Note_off_c, 0, 57, 64
1, 675, Note_off_c, 0, 56, 64
1, 675, Note_on_c, 0, 57, 42
1, 675, Note_off_c, 0, 68, 64
1, 677, Note_on_c, 0, 70, 15
1, 678, Note_off_c, 0, 57, 64
1, 678, Note_on_c, 0, 58, 39
1, 680, Note_off_c, 0, 58, 64
1, 680, Note_on_c, 0, 59, 38
1, 680, Note_off_c, 0, 70, 64
1, 685, Note_off_c, 0, 59, 64
1, 685, Note_on_c, 0, 60, 38
1, 687, Note_on_c, 0, 59, 40
1, 687, Note_off_c, 0, 60, 64
1, 691, Note_on_c, 0, 70, 29
1, 692, Note_on_c, 0, 58, 44
1, 692, Note_off_c, 0, 59, 64
1, 701, Note_off_c, 0, 58, 64
1, 701, Note_on_c, 0, 59, 45
1, 701, Note_off_c, 0, 70, 64
1, 714, Note_on_c, 0, 58, 44
1, 714, Note_off_c, 0, 59, 64
1, 727, Note_on_c, 0, 71, 25
1, 728, Note_off_c, 0, 58, 64
1, 728, Note_on_c, 0, 59, 42
1, 732, Note_on_c, 0, 58, 41
1, 732, Note_off_c, 0, 59, 64
1, 732, Note_off_c, 0, 71, 64
1, 744, Note_off_c, 0, 58, 64
1, 745, Note_on_c, 0, 58, 36
1, 747, Note_off_c, 0, 58, 64
1, 772, Note_on_c, 0, 64, 49
1, 774, Note_on_c, 0, 63, 54
1, 774, Note_off_c, 0, 64, 64
1, 786, Note_off_c, 0, 63, 64
1, 786, Note_on_c, 0, 64, 65
1, 795, Note_on_c, 0, 63, 66
1, 795, Note_off_c, 0, 64, 64
1, 803, Note_off_c, 0, 63, 64
1, 803, Note_on_c, 0, 64, 72
1, 804, Note_off_c, 0, 64, 64
1, 804, Note_on_c, 0, 65, 73
1, 806, Note_off_c, 0, 65, 64
1, 806, Note_on_c, 0, 66, 66
1, 808, Note_off_c, 0, 66, 64
1, 808, Note_on_c, 0, 67, 62
1, 810, Note_on_c, 0, 66, 73
1, 810, Note_off_c, 0, 67, 64
1, 813, Note_on_c, 0, 65, 82
1, 813, Note_off_c, 0, 66, 64
1, 815, Note_on_c, 0, 64, 82
1, 815, Note_off_c, 0, 65, 64
1, 818, Note_on_c, 0, 63, 82
1, 818, Note_off_c, 0, 64, 64
1, 822, Note_off_c, 0, 63, 64
1, 822, Note_on_c, 0, 64, 80
1, 831, Note_on_c, 0, 63, 52
1, 831, Note_off_c, 0, 64, 64
1, 833, Note_off_c, 0, 63, 64
1, 849, Note_on_c, 0, 66, 59
1, 857, Note_on_c, 0, 65, 63
1, 857, Note_off_c, 0, 66, 64
1, 860, Note_on_c, 0, 64, 68
1, 860, Note_off_c, 0, 65, 64
1, 873, Note_off_c, 0, 64, 64
1, 873, Note_on_c, 0, 65, 59
1, 877, Note_on_c, 0, 64, 61
1, 877, Note_off_c, 0, 65, 64
1, 885, Note_on_c, 0, 63, 60
1, 885, Note_off_c, 0, 64, 64
1, 890, Note_off_c, 0, 63, 64
1, 890, Note_on_c, 0, 64, 59
1, 910, Note_on_c, 0, 63, 53
1, 910, Note_off_c, 0, 64, 64
1, 918, Note_on_c, 0, 62, 45
1, 918, Note_off_c, 0, 63, 64
1, 921, Note_on_c, 0, 61, 46
1, 921, Note_off_c, 0, 62, 64
1, 922, Note_on_c, 0, 73, 53
1, 925, Note_off_c, 0, 73, 64
1, 926, Note_on_c, 0, 73, 52
1, 929, Note_off_c, 0, 61, 64
1, 929, Note_on_c, 0, 62, 41
1, 929, Note_off_c, 0, 73, 64
1, 933, Note_off_c, 0, 62, 64
1, 933, Note_on_c, 0, 63, 44
1, 940, Note_on_c, 0, 62, 43
1, 940, Note_off_c, 0, 63, 64
1, 942, Note_on_c, 0, 61, 44
1, 942, Note_off_c, 0, 62, 64
1, 942, Note_on_c, 0, 73, 52
1, 950, Note_off_c, 0, 61, 64
1, 950, Note_on_c, 0, 62, 37
1, 951, Note_off_c, 0, 73, 64
1, 962, Note_on_c, 0, 61, 36
1, 962, Note_off_c, 0, 62, 64
1, 962, Note_on_c, 0, 73, 38
1, 973, Note_off_c, 0, 61, 64
1, 973, Note_on_c, 0, 62, 32
1, 973, Note_off_c, 0, 73, 64
1, 985, Note_on_c, 0, 61, 29
1, 985, Note_off_c, 0, 62, 64
1, 986, Note_on_c, 0, 73, 36
1, 1003, Note_off_c, 0, 61, 64
1, 1003, Note_on_c, 0, 62, 27
1, 1003, Note_off_c, 0, 73, 64
1, 1006, Note_on_c, 0, 61, 27
1, 1006, Note_off_c, 0, 62, 64
1, 1007, Note_on_c, 0, 73, 32
1, 1022, Note_off_c, 0, 73, 64
1, 1024, Note_off_c, 0, 61, 64
1, 1132, Note_on_c, 0, 67, 39
1, 1134, Note_on_c, 0, 65, 48
1, 1134, Note_off_c, 0, 67, 64
1, 1141, Note_on_c, 0, 64, 50
1, 1141, Note_off_c, 0, 65, 64
1, 1146, Note_on_c, 0, 63, 54
1, 1146, Note_off_c, 0, 64, 64
1, 1160, Note_off_c, 0, 63, 64
1, 1160, Note_on_c, 0, 64, 49
1, 1164, Note_on_c, 0, 63, 46
1, 1164, Note_off_c, 0, 64, 64
1, 1166, Note_off_c, 0, 63, 64
1, 1166, Note_on_c, 0, 64, 46
1, 1168, Note_on_c, 0, 63, 70
1, 1168, Note_off_c, 0, 64, 64
1, 1176, Note_on_c, 0, 62, 69
1, 1176, Note_off_c, 0, 63, 64
1, 1181, Note_off_c, 0, 62, 64
1, 1181, Note_on_c, 0, 63, 73
1, 1185, Note_off_c, 0, 63, 64
1, 1185, Note_on_c, 0, 64, 75
1, 1192, Note_on_c, 0, 63, 75
1, 1192, Note_off_c, 0, 64, 64
1, 1196, Note_on_c, 0, 62, 75
1, 1196, Note_off_c, 0, 63, 64
1, 1200, Note_off_c, 0, 62, 64
1, 1200, Note_on_c, 0, 63, 78
1, 1204, Note_off_c, 0, 63, 64
1, 1204, Note_on_c, 0, 64, 81
1, 1217, Note_on_c, 0, 63, 80
1, 1217, Note_off_c, 0, 64, 64
1, 1223, Note_off_c, 0, 63, 64
1, 1223, Note_on_c, 0, 64, 80
1, 1253, Note_on_c, 0, 63, 72
1, 1253, Note_off_c, 0, 64, 64
1, 1257, Note_off_c, 0, 63, 64
1, 1257, Note_on_c, 0, 64, 63
1, 1260, Note_off_c, 0, 64, 64
1, 1266, Note_on_c, 0, 67, 68
1, 1282, Note_on_c, 0, 66, 62
1, 1282, Note_off_c, 0, 67, 64
1, 1297, Note_off_c, 0, 66, 64
1, 1297, Note_on_c, 0, 67, 54
1, 1302, Note_on_c, 0, 66, 53
1, 1302, Note_off_c, 0, 67, 64
1, 1309, Note_off_c, 0, 66, 64
1, 1309, Note_on_c, 0, 67, 53
1, 1326, Note_on_c, 0, 66, 49
1, 1326, Note_off_c, 0, 67, 64
1, 1358, Note_off_c, 0, 66, 64
1, 1407, Note_on_c, 0, 65, 70
1, 1409, Note_on_c, 0, 64, 70
1, 1409, Note_off_c, 0, 65, 64
1, 1411, Note_on_c, 0, 63, 73
1, 1411, Note_off_c, 0, 64, 64
1, 1412, Note_on_c, 0, 62, 70
1, 1412, Note_off_c, 0, 63, 64
1, 1413, Note_on_c, 0, 61, 69
1, 1413, Note_off_c, 0, 62, 64
1, 1414, Note_on_c, 0, 72, 14
1, 1415, Note_on_c, 0, 60, 71
1, 1415, Note_off_c, 0, 61, 64
1, 1417, Note_on_c, 0, 71, 11
1, 1417, Note_off_c, 0, 72, 64
1, 1418, Note_on_c, 0, 59, 67
1, 1418, Note_off_c, 0, 60, 64
1, 1420, Note_off_c, 0, 59, 64
1, 1420, Note_on_c, 0, 60, 62
1, 1420, Note_off_c, 0, 71, 64
1, 1423, Note_off_c, 0, 60, 64
1, 1424, Note_on_c, 0, 62, 62
1, 1426, Note_off_c, 0, 62, 64
1, 1426, Note_on_c, 0, 63, 62
1, 1432, Note_on_c, 0, 62, 57
1, 1432, Note_off_c, 0, 63, 64
1, 1435, Note_on_c, 0, 61, 55
1, 1435, Note_off_c, 0, 62, 64
1, 1437, Note_on_c, 0, 60, 59
1, 1437, Note_off_c, 0, 61, 64
1, 1444, Note_off_c, 0, 60, 64
1, 1444, Note_on_c, 0, 61, 55
1, 1446, Note_off_c, 0, 61, 64
1, 1446, Note_on_c, 0, 62, 54
1, 1451, Note_off_c, 0, 62, 64
1, 1451, Note_on_c, 0, 63, 52
1, 1454, Note_on_c, 0, 62, 51
1, 1454, Note_off_c, 0, 63, 64
1, 1459, Note_on_c, 0, 61, 48
1, 1459, Note_off_c, 0, 62, 64
1, 1466, Note_off_c, 0, 61, 64
1, 1466, Note_on_c, 0, 62, 48
1, 1478, Note_on_c, 0, 61, 45
1, 1478, Note_off_c, 0, 62, 64
1, 1481, Note_on_c, 0, 73, 70
1, 1492, Note_off_c, 0, 73, 64
1, 1494, Note_off_c, 0, 61, 64
1, 1495, Note_on_c, 0, 61, 46
1, 1499, Note_on_c, 0, 73, 67
1, 1501, Note_off_c, 0, 73, 64
1, 1503, Note_on_c, 0, 73, 65
1, 1511, Note_off_c, 0, 61, 64
1, 1511, Note_on_c, 0, 62, 47
1, 1512, Note_off_c, 0, 73, 64
1, 1522, Note_on_c, 0, 73, 56
1, 1523, Note_off_c, 0, 62, 64
1, 1524, Note_on_c, 0, 60, 37
1, 1526, Note_off_c, 0, 60, 64
1, 1526, Note_off_c, 0, 73, 64
1, 1541, Note_on_c, 0, 68, 58
1, 1543, Note_on_c, 0, 67, 59
1, 1543, Note_off_c, 0, 68, 64
1, 1552, Note_on_c, 0, 66, 58
1, 1552, Note_off_c, 0, 67, 64
1, 1558, Note_off_c, 0, 66, 64
1, 1558, Note_on_c, 0, 67, 58
1, 1574, Note_on_c, 0, 66, 49
1, 1574, Note_off_c, 0, 67, 64
1, 1577, Note_on_c, 0, 65, 55
1, 1577, Note_off_c, 0, 66, 64
1, 1580, Note_on_c, 0, 64, 55
1, 1580, Note_off_c, 0, 65, 64
1, 1584, Note_off_c, 0, 64, 64
1, 1584, Note_on_c, 0, 65, 53
1, 1586, Note_off_c, 0, 65, 64
1, 1586, Note_on_c, 0, 66, 50
1, 1588, Note_off_c, 0, 66, 64
1, 1588, Note_on_c, 0, 67, 52
1, 1591, Note_off_c, 0, 67, 64
1, 1591, Note_on_c, 0, 68, 57
1, 1595, Note_on_c, 0, 67, 57
1, 1595, Note_off_c, 0, 68, 64
1, 1598, Note_on_c, 0, 66, 52
1, 1598, Note_off_c, 0, 67, 64
1, 1607, Note_off_c, 0, 66, 64
1, 1607, Note_on_c, 0, 67, 51
1, 1619, Note_on_c, 0, 66, 42
1, 1619, Note_off_c, 0, 67, 64
1, 1643, Note_off_c, 0, 66, 64
1, 1643, Note_on_c, 0, 67, 47
1, 1659, Note_off_c, 0, 67, 64
1, 1687, Note_on_c, 0, 67, 63
1, 1690, Note_on_c, 0, 66, 59
1, 1690, Note_off_c, 0, 67, 64
1, 1692, Note_on_c, 0, 65, 64
1, 1692, Note_off_c, 0, 66, 64
1, 1694, Note_on_c, 0, 64, 67
1, 1694, Note_off_c, 0, 65, 64
1, 1697, Note_on_c, 0, 63, 68
1, 1697, Note_off_c, 0, 64, 64
1, 1703, Note_off_c, 0, 63, 64
1, 1703, Note_on_c, 0, 64, 62
1, 1706, Note_off_c, 0, 64, 64
1, 1706, Note_on_c, 0, 65, 59
1, 1714, Note_on_c, 0, 64, 61
1, 1714, Note_off_c, 0, 65, 64
1, 1717, Note_on_c, 0, 63, 62
1, 1717, Note_off_c, 0, 64, 64
1, 1723, Note_off_c, 0, 63, 64
1, 1723, Note_on_c, 0, 64, 62
1, 1729, Note_off_c, 0, 64, 64
1, 1729, Note_on_c, 0, 65, 59
1, 1731, Note_on_c, 0, 64, 59
1, 1731, Note_off_c, 0, 65, 64
1, 1737, Note_on_c, 0, 63, 58
1, 1737, Note_off_c, 0, 64, 64
1, 1746, Note_off_c, 0, 63, 64
1, 1746, Note_on_c, 0, 64, 56
1, 1759, Note_on_c, 0, 63, 53
1, 1759, Note_off_c, 0, 64, 64
1, 1768, Note_off_c, 0, 63, 64
1, 1768, Note_on_c, 0, 64, 52
1, 1778, Note_on_c, 0, 63, 57
1, 1778, Note_off_c, 0, 64, 64
1, 1797, Note_off_c, 0, 63, 64
1, 1820, Note_on_c, 0, 64, 60
1, 1825, Note_on_c, 0, 63, 63
1, 1825, Note_off_c, 0, 64, 64
1, 1828, Note_off_c, 0, 63, 64
1, 1830, Note_on_c, 0, 60, 56
1, 1837, Note_off_c, 0, 60, 64
1, 1837, Note_on_c, 0, 61, 49
1, 1839, Note_off_c, 0, 61, 64
1, 1840, Note_on_c, 0, 63, 54
1, 1847, Note_on_c, 0, 62, 52
1, 1847, Note_off_c, 0, 63, 64
1, 1850, Note_on_c, 0, 61, 47
1, 1850, Note_off_c, 0, 62, 64
1, 1858, Note_off_c, 0, 61, 64
1, 1858, Note_on_c, 0, 62, 48
1, 1872, Note_on_c, 0, 61, 45
1, 1872, Note_off_c, 0, 62, 64
1, 1879, Note_off_c, 0, 61, 64
1, 1879, Note_on_c, 0, 62, 45
1, 1892, Note_on_c, 0, 61, 43
1, 1892, Note_off_c, 0, 62, 64
1, 1893, Note_on_c, 0, 73, 62
1, 1897, Note_on_c, 0, 60, 48
1, 1897, Note_off_c, 0, 61, 64
1, 1898, Note_on_c, 0, 72, 53
1, 1898, Note_off_c, 0, 73, 64
1, 1903, Note_on_c, 0, 71, 45
1, 1903, Note_off_c, 0, 72, 64
1, 1904, Note_on_c, 0, 59, 47
1, 1904, Note_off_c, 0, 60, 64
1, 1908, Note_on_c, 0, 58, 41
1, 1908, Note_off_c, 0, 59, 64
1, 1909, Note_on_c, 0, 70, 43
1, 1909, Note_off_c, 0, 71, 64
1, 1926, Note_off_c, 0, 58, 64
1, 1926, Note_on_c, 0, 59, 39
1, 1927, Note_off_c, 0, 70, 64
1, 1931, Note_on_c, 0, 70, 31
1, 1932, Note_on_c, 0, 58, 39
1, 1932, Note_off_c, 0, 59, 64
1, 1935, Note_on_c, 0, 57, 36
1, 1935, Note_off_c, 0, 58, 64
1, 1935, Note_off_c, 0, 70, 64
1, 1938, Note_off_c, 0, 57, 64
1, 1961, Note_on_c, 0, 63, 60
1, 1968, Note_off_c, 0, 63, 64
1, 1969, Note_on_c, 0, 61, 49
1, 1973, Note_on_c, 0, 60, 48
1, 1973, Note_off_c, 0, 61, 64
1, 1976, Note_off_c, 0, 60, 64
1, 1976, Note_on_c, 0, 61, 45
1, 1979, Note_off_c, 0, 61, 64
1, 1979, Note_on_c, 0, 62, 50
1, 1983, Note_off_c, 0, 62, 64
1, 1983, Note_on_c, 0, 63, 53
1, 1988, Note_on_c, 0, 62, 52
1, 1988, Note_off_c, 0, 63, 64
1, 1991, Note_on_c, 0, 61, 47
1, 1991, Note_off_c, 0, 62, 64
1, 2000, Note_off_c, 0, 61, 64
1, 2000, Note_on_c, 0, 62, 43
1, 2015, Note_on_c, 0, 61, 41
1, 2015, Note_off_c, 0, 62, 64
1, 2025, Note_off_c, 0, 61, 64
1, 2025, Note_on_c, 0, 62, 40
1, 2036, Note_on_c, 0, 61, 35
1, 2036, Note_off_c, 0, 62, 64
1, 2037, Note_on_c, 0, 73, 45
1, 2048, Note_off_c, 0, 61, 64
1, 2048, Note_on_c, 0, 62, 36
1, 2049, Note_off_c, 0, 73, 64
1, 2064, Note_on_c, 0, 61, 35
1, 2064, Note_off_c, 0, 62, 64
1, 2064, Note_on_c, 0, 73, 44
1, 2072, Note_off_c, 0, 61, 64
1, 2072, Note_on_c, 0, 62, 36
1, 2073, Note_off_c, 0, 73, 64
1, 2086, Note_on_c, 0, 61, 34
1, 2086, Note_off_c, 0, 62, 64
1, 2087, Note_on_c, 0, 73, 41
1, 2096, Note_off_c, 0, 61, 64
1, 2096, Note_on_c, 0, 62, 35
1, 2096, Note_off_c, 0, 73, 64
1, 2108, Note_on_c, 0, 61, 29
1, 2108, Note_off_c, 0, 62, 64
1, 2109, Note_on_c, 0, 73, 34
1, 2119, Note_off_c, 0, 61, 64
1, 2119, Note_on_c, 0, 62, 31
1, 2119, Note_off_c, 0, 73, 64
1, 2134, Note_on_c, 0, 61, 29
1, 2134, Note_off_c, 0, 62, 64
1, 2134, Note_on_c, 0, 73, 32
1, 2146, Note_off_c, 0, 61, 64
1, 2146, Note_on_c, 0, 62, 26
1, 2146, Note_off_c, 0, 73, 64
1, 2156, Note_on_c, 0, 61, 22
1, 2156, Note_off_c, 0, 62, 64
1, 2156, Note_on_c, 0, 73, 22
1, 2163, Note_off_c, 0, 61, 64
1, 2164, Note_off_c, 0, 73, 64
1, 2295, Note_on_c, 0, 65, 61
1, 2298, Note_on_c, 0, 64, 66
1, 2298, Note_off_c, 0, 65, 64
1, 2302, Note_on_c, 0, 63, 66
1, 2302, Note_off_c, 0, 64, 64
1, 2304, Note_on_c, 0, 62, 62
1, 2304, Note_off_c, 0, 63, 64
1, 2305, Note_on_c, 0, 73, 37
1, 2306, Note_on_c, 0, 61, 61
1, 2306, Note_off_c, 0, 62, 64
1, 2309, Note_on_c, 0, 60, 61
1, 2309, Note_off_c, 0, 61, 64
1, 2309, Note_off_c, 0, 73, 64
1, 2312, Note_on_c, 0, 73, 36
1, 2313, Note_off_c, 0, 60, 64
1, 2313, Note_on_c, 0, 61, 58
1, 2317, Note_off_c, 0, 61, 64
1, 2317, Note_on_c, 0, 62, 55
1, 2317, Note_off_c, 0, 73, 64
1, 2327, Note_on_c, 0, 61, 56
1, 2327, Note_off_c, 0, 62, 64
1, 2333, Note_on_c, 0, 60, 56
1, 2333, Note_off_c, 0, 61, 64
1, 2335, Note_on_c, 0, 73, 32
1, 2336, Note_off_c, 0, 60, 64
1, 2336, Note_on_c, 0, 61, 54
1, 2340, Note_off_c, 0, 61, 64
1, 2340, Note_on_c, 0, 62, 54
1, 2341, Note_off_c, 0, 73, 64
1, 2352, Note_on_c, 0, 61, 52
1, 2352, Note_off_c, 0, 62, 64
1, 2365, Note_off_c, 0, 61, 64
1, 2365, Note_on_c, 0, 62, 54
1, 2382, Note_on_c, 0, 61, 55
1, 2382, Note_off_c, 0, 62, 64
1, 2400, Note_on_c, 0, 60, 61
1, 2400, Note_off_c, 0, 61, 64
1, 2409, Note_on_c, 0, 71, 51
1, 2410, Note_off_c, 0, 60, 64
1, 2411, Note_off_c, 0, 71, 64
1, 2412, Note_on_c, 0, 56, 45
1, 2415, Note_on_c, 0, 55, 38
1, 2415, Note_off_c, 0, 56, 64
1, 2417, Note_off_c, 0, 55, 64
1, 2417, Note_on_c, 0, 56, 52
1, 2419, Note_off_c, 0, 56, 64
1, 2419, Note_on_c, 0, 57, 60
1, 2423, Note_off_c, 0, 57, 64
1, 2423, Note_on_c, 0, 58, 60
1, 2428, Note_off_c, 0, 58, 64
1, 2428, Note_on_c, 0, 59, 60
1, 2439, Note_on_c, 0, 58, 56
1, 2439, Note_off_c, 0, 59, 64
1, 2450, Note_off_c, 0, 58, 64
1, 2450, Note_on_c, 0, 59, 56
1, 2460, Note_on_c, 0, 58, 53
1, 2460, Note_off_c, 0, 59, 64
1, 2466, Note_off_c, 0, 58, 64
1, 2466, Note_on_c, 0, 59, 53
1, 2486, Note_off_c, 0, 59, 64
1, 2486, Note_on_c, 0, 60, 47
1, 2488, Note_off_c, 0, 60, 64
1, 2488, Note_on_c, 0, 61, 49
1, 2491, Note_off_c, 0, 61, 64
1, 2491, Note_on_c, 0, 62, 50
1, 2500, Note_on_c, 0, 61, 48
1, 2500, Note_off_c, 0, 62, 64
1, 2511, Note_off_c, 0, 61, 64
1, 2511, Note_on_c, 0, 62, 49
1, 2524, Note_on_c, 0, 61, 45
1, 2524, Note_off_c, 0, 62, 64
1, 2532, Note_on_c, 0, 60, 49
1, 2532, Note_off_c, 0, 61, 64
1, 2536, Note_off_c, 0, 60, 64
1, 2536, Note_on_c, 0, 61, 49
1, 2540, Note_off_c, 0, 61, 64
1, 2540, Note_on_c, 0, 62, 51
1, 2544, Note_off_c, 0, 62, 64
1, 2544, Note_on_c, 0, 63, 51
1, 2548, Note_on_c, 0, 62, 49
1, 2548, Note_off_c, 0, 63, 64
1, 2551, Note_on_c, 0, 61, 49
1, 2551, Note_off_c, 0, 62, 64
1, 2553, Note_on_c, 0, 60, 53
1, 2553, Note_off_c, 0, 61, 64
1, 2559, Note_off_c, 0, 60, 64
1, 2559, Note_on_c, 0, 61, 49
1, 2561, Note_off_c, 0, 61, 64
1, 2561, Note_on_c, 0, 62, 47
1, 2570, Note_on_c, 0, 61, 51
1, 2570, Note_off_c, 0, 62, 64
1, 2574, Note_on_c, 0, 60, 52
1, 2574, Note_off_c, 0, 61, 64
1, 2579, Note_off_c, 0, 60, 64
1, 2579, Note_on_c, 0, 61, 52
1, 2584, Note_off_c, 0, 61, 64
1, 2584, Note_on_c, 0, 62, 65
1, 2652, Note_on_c, 0, 73, 19
1, 2655, Note_off_c, 0, 73, 64
1, 2656, Note_off_c, 0, 62, 64
1, 2657, Note_on_c, 0, 60, 51
1, 2659, Note_off_c, 0, 60, 64
1, 2675, Note_on_c, 0, 64, 44
1, 2680, Note_on_c, 0, 63, 41
1, 2680, Note_off_c, 0, 64, 64
1, 2682, Note_on_c, 0, 62, 38
1, 2682, Note_off_c, 0, 63, 64
1, 2685, Note_on_c, 0, 61, 40
1, 2685, Note_off_c, 0, 62, 64
1, 2694, Note_off_c, 0, 61, 64
1, 2694, Note_on_c, 0, 62, 37
1, 2711, Note_off_c, 0, 62, 64
1, 2712, Note_on_c, 0, 62, 47
1, 2728, Note_on_c, 0, 61, 68
1, 2728, Note_off_c, 0, 62, 64
1, 2739, Note_off_c, 0, 61, 64
1, 2739, Note_on_c, 0, 62, 69
1, 2741, Note_off_c, 0, 62, 64
1, 2741, Note_on_c, 0, 64, 65
1, 2753, Note_on_c, 0, 63, 53
1, 2753, Note_off_c, 0, 64, 64
1, 2756, Note_on_c, 0, 62, 51
1, 2756, Note_off_c, 0, 63, 64
1, 2759, Note_on_c, 0, 61, 42
1, 2759, Note_off_c, 0, 62, 64
1, 2761, Note_off_c, 0, 61, 64
1, 2761, Note_on_c, 0, 62, 43
1, 2763, Note_off_c, 0, 62, 64
1, 2764, Note_on_c, 0, 62, 47
1, 2782, Note_on_c, 0, 73, 39
1, 2785, Note_on_c, 0, 60, 32
1, 2785, Note_off_c, 0, 62, 64
1, 2785, Note_off_c, 0, 73, 64
1, 2787, Note_off_c, 0, 60, 64
1, 2804, Note_on_c, 0, 64, 63
1, 2808, Note_off_c, 0, 64, 64
1, 2808, Note_on_c, 0, 65, 59
1, 2811, Note_on_c, 0, 64, 54
1, 2811, Note_off_c, 0, 65, 64
1, 2817, Note_on_c, 0, 63, 50
1, 2817, Note_off_c, 0, 64, 64
1, 2825, Note_off_c, 0, 63, 64
1, 2864, Note_on_c, 0, 70, 33
1, 2865, Note_on_c, 0, 58, 43
1, 2877, Note_off_c, 0, 70, 64
1, 2877, Note_on_c, 0, 71, 25
1, 2878, Note_off_c, 0, 58, 64
1, 2878, Note_on_c, 0, 59, 43
1, 2881, Note_on_c, 0, 58, 46
1, 2881, Note_off_c, 0, 59, 64
1, 2881, Note_off_c, 0, 71, 64
1, 2894, Note_on_c, 0, 69, 32
1, 2896, Note_off_c, 0, 69, 64
1, 2908, Note_off_c, 0, 58, 64
1, 2909, Note_on_c, 0, 56, 29
1, 2911, Note_off_c, 0, 56, 64
1, 2931, Note_on_c, 0, 57, 39
1, 2932, Note_on_c, 0, 70, 49
1, 2933, Note_off_c, 0, 57, 64
1, 2933, Note_on_c, 0, 58, 48
1, 2983, Note_off_c, 0, 58, 64
1, 2983, Note_on_c, 0, 59, 41
1, 2983, Note_off_c, 0, 70, 64
1, 2990, Note_on_c, 0, 58, 48
1, 2990, Note_off_c, 0, 59, 64
1, 2997, Note_off_c, 0, 58, 64
1, 2998, Note_on_c, 0, 58, 51
1, 3005, Note_off_c, 0, 58, 64
1, 3005, Note_on_c, 0, 59, 51
1, 3013, Note_off_c, 0, 59, 64
1, 3013, Note_on_c, 0, 60, 51
1, 3016, Note_off_c, 0, 60, 64
1, 3016, Note_on_c, 0, 61, 56
1, 3018, Note_off_c, 0, 61, 64
1, 3018, Note_on_c, 0, 62, 64
1, 3027, Note_on_c, 0, 61, 59
1, 3027, Note_off_c, 0, 62, 64
1, 3035, Note_off_c, 0, 61, 64
1, 3035, Note_on_c, 0, 62, 62
1, 3040, Note_off_c, 0, 62, 64
1, 3040, Note_on_c, 0, 63, 62
1, 3045, Note_on_c, 0, 62, 60
1, 3045, Note_off_c, 0, 63, 64
1, 3049, Note_on_c, 0, 61, 56
1, 3049, Note_off_c, 0, 62, 64
1, 3057, Note_off_c, 0, 61, 64
1, 3057, Note_on_c, 0, 62, 59
1, 3062, Note_off_c, 0, 62, 64
1, 3062, Note_on_c, 0, 63, 59
1, 3067, Note_on_c, 0, 62, 58
1, 3067, Note_off_c, 0, 63, 64
1, 3106, Note_on_c, 0, 61, 52
1, 3106, Note_off_c, 0, 62, 64
1, 3108, Note_off_c, 0, 61, 64
1, 3178, Note_on_c, 0, 62, 53
1, 3179, Note_on_c, 0, 73, 44
1, 3180, Note_on_c, 0, 61, 60
1, 3180, Note_off_c, 0, 62, 64
1, 3183, Note_on_c, 0, 60, 68
1, 3183, Note_off_c, 0, 61, 64
1, 3183, Note_off_c, 0, 73, 64
1, 3187, Note_on_c, 0, 71, 50
1, 3188, Note_on_c, 0, 59, 68
1, 3188, Note_off_c, 0, 60, 64
1, 3193, Note_on_c, 0, 58, 58
1, 3193, Note_off_c, 0, 59, 64
1, 3194, Note_off_c, 0, 71, 64
1, 3202, Note_off_c, 0, 58, 64
1, 3202, Note_on_c, 0, 59, 57
1, 3204, Note_on_c, 0, 58, 56
1, 3204, Note_off_c, 0, 59, 64
1, 3206, Note_off_c, 0, 58, 64
1, 3207, Note_on_c, 0, 58, 54
1, 3220, Note_on_c, 0, 57, 46
1, 3220, Note_off_c, 0, 58, 64
1, 3221, Note_on_c, 0, 68, 43
1, 3222, Note_off_c, 0, 57, 64
1, 3223, Note_on_c, 0, 67, 39
1, 3223, Note_off_c, 0, 68, 64
1, 3224, Note_on_c, 0, 54, 40
1, 3225, Note_off_c, 0, 67, 64
1, 3227, Note_off_c, 0, 54, 64
1, 3230, Note_on_c, 0, 56, 35
1, 3232, Note_off_c, 0, 56, 64
1, 3232, Note_on_c, 0, 57, 41
1, 3234, Note_off_c, 0, 57, 64
1, 3236, Note_on_c, 0, 60, 50
1, 3242, Note_on_c, 0, 59, 49
1, 3242, Note_off_c, 0, 60, 64
1, 3243, Note_on_c, 0, 70, 32
1, 3244, Note_off_c, 0, 59, 64
1, 3245, Note_on_c, 0, 57, 48
1, 3245, Note_off_c, 0, 70, 64
1, 3253, Note_off_c, 0, 57, 64
1, 3253, Note_on_c, 0, 58, 52
1, 3253, Note_on_c, 0, 70, 52
1, 3275, Note_off_c, 0, 58, 64
1, 3275, Note_on_c, 0, 59, 53
1, 3275, Note_off_c, 0, 70, 64
1, 3282, Note_on_c, 0, 58, 52
1, 3282, Note_off_c, 0, 59, 64
1, 3284, Note_off_c, 0, 58, 64
1, 3285, Note_on_c, 0, 56, 40
1, 3287, Note_off_c, 0, 56, 64
1, 3308, Note_on_c, 0, 60, 61
1, 3317, Note_on_c, 0, 71, 22
1, 3318, Note_on_c, 0, 59, 60
1, 3318, Note_off_c, 0, 60, 64
1, 3322, Note_on_c, 0, 58, 51
1, 3322, Note_off_c, 0, 59, 64
1, 3325, Note_off_c, 0, 58, 64
1, 3325, Note_on_c, 0, 59, 52
1, 3349, Note_on_c, 0, 58, 49
1, 3349, Note_off_c, 0, 59, 64
1, 3349, Note_off_c, 0, 71, 64
1, 3351, Note_off_c, 0, 58, 64
1, 3351, Note_on_c, 0, 59, 50
1, 3367, Note_on_c, 0, 58, 47
1, 3367, Note_off_c, 0, 59, 64
1, 3370, Note_on_c, 0, 57, 47
1, 3370, Note_off_c, 0, 58, 64
1, 3370, Note_on_c, 0, 69, 47
1, 3373, Note_on_c, 0, 56, 46
1, 3373, Note_off_c, 0, 57, 64
1, 3373, Note_off_c, 0, 69, 64
1, 3383, Note_off_c, 0, 56, 64
1, 3383, Note_on_c, 0, 57, 47
1, 3419, Note_on_c, 0, 56, 38
1, 3419, Note_off_c, 0, 57, 64
1, 3423, Note_off_c, 0, 56, 64
1, 3423, Note_on_c, 0, 57, 38
1, 3426, Note_off_c, 0, 57, 64
1, 3427, Note_on_c, 0, 59, 39
1, 3429, Note_off_c, 0, 59, 64
1, 3429, Note_on_c, 0, 60, 40
1, 3431, Note_off_c, 0, 60, 64
1, 3431, Note_on_c, 0, 61, 41
1, 3435, Note_on_c, 0, 60, 43
1, 3435, Note_off_c, 0, 61, 64
1, 3438, Note_off_c, 0, 60, 64
1, 3441, Note_on_c, 0, 56, 37
1, 3443, Note_on_c, 0, 55, 33
1, 3443, Note_off_c, 0, 56, 64
1, 3445, Note_off_c, 0, 55, 64
1, 3446, Note_on_c, 0, 57, 37
1, 3448, Note_off_c, 0, 57, 64
1, 3449, Note_on_c, 0, 59, 39
1, 3452, Note_off_c, 0, 59, 64
1, 3452, Note_on_c, 0, 60, 39
1, 3456, Note_on_c, 0, 59, 39
1, 3456, Note_off_c, 0, 60, 64
1, 3458, Note_on_c, 0, 58, 38
1, 3458, Note_off_c, 0, 59, 64
1, 3460, Note_on_c, 0, 57, 41
1, 3460, Note_off_c, 0, 58, 64
1, 3461, Note_on_c, 0, 68, 23
1, 3462, Note_on_c, 0, 56, 39
1, 3462, Note_off_c, 0, 57, 64
1, 3468, Note_off_c, 0, 56, 64
1, 3468, Note_on_c, 0, 57, 38
1, 3468, Note_off_c, 0, 68, 64
1, 3471, Note_off_c, 0, 57, 64
1, 3471, Note_on_c, 0, 58, 37
1, 3477, Note_on_c, 0, 57, 35
1, 3477, Note_off_c, 0, 58, 64
1, 3482, Note_on_c, 0, 56, 34
1, 3482, Note_off_c, 0, 57, 64
1, 3487, Note_on_c, 0, 69, 20
1, 3488, Note_off_c, 0, 56, 64
1, 3488, Note_on_c, 0, 57, 37
1, 3496, Note_on_c, 0, 56, 37
1, 3496, Note_off_c, 0, 57, 64
1, 3496, Note_off_c, 0, 69, 64
1, 3498, Note_off_c, 0, 56, 64
1, 3501, Note_on_c, 0, 52, 40
1, 3507, Note_off_c, 0, 52, 64
1, 3507, Note_on_c, 0, 53, 41
1, 3508, Note_on_c, 0, 66, 26
1, 3510, Note_off_c, 0, 53, 64
1, 3511, Note_on_c, 0, 55, 34
1, 3511, Note_off_c, 0, 66, 64
1, 3513, Note_off_c, 0, 55, 64
1, 3513, Note_on_c, 0, 56, 34
1, 3516, Note_on_c, 0, 55, 34
1, 3516, Note_off_c, 0, 56, 64
1, 3519, Note_on_c, 0, 54, 32
1, 3519, Note_off_c, 0, 55, 64
1, 3522, Note_on_c, 0, 53, 39
1, 3522, Note_off_c, 0, 54, 64
1, 3529, Note_on_c, 0, 66, 17
1, 3530, Note_off_c, 0, 53, 64
1, 3530, Note_on_c, 0, 54, 38
1, 3534, Note_off_c, 0, 54, 64
1, 3534, Note_on_c, 0, 55, 28
1, 3534, Note_off_c, 0, 66, 64
1, 3541, Note_on_c, 0, 54, 28
1, 3541, Note_off_c, 0, 55, 64
1, 3548, Note_off_c, 0, 54, 64
1, 3548, Note_on_c, 0, 55, 27
1, 3553, Note_on_c, 0, 66, 14
1, 3555, Note_on_c, 0, 54, 29
1, 3555, Note_off_c, 0, 55, 64
1, 3557, Note_off_c, 0, 66, 64
1, 3565, Note_on_c, 0, 67, 33
1, 3566, Note_off_c, 0, 54, 64
1, 3566, Note_on_c, 0, 55, 32
1, 3569, Note_on_c, 0, 54, 39
1, 3569, Note_off_c, 0, 55, 64
1, 3570, Note_off_c, 0, 67, 64
1, 3570, Note_on_c, 0, 73, 39
1, 3575, Note_on_c, 0, 53, 44
1, 3575, Note_off_c, 0, 54, 64
1, 3576, Note_on_c, 0, 72, 24
1, 3576, Note_off_c, 0, 73, 64
1, 3583, Note_on_c, 0, 64, 24
1, 3583, Note_on_c, 0, 71, 18
1, 3583, Note_off_c, 0, 72, 64
1, 3584, Note_on_c, 0, 52, 43
1, 3584, Note_off_c, 0, 53, 64
1, 3590, Note_on_c, 0, 63, 23
1, 3590, Note_off_c, 0, 64, 64
1, 3590, Note_on_c, 0, 70, 13
1, 3590, Note_off_c, 0, 71, 64
1, 3591, Note_on_c, 0, 51, 33
1, 3591, Note_off_c, 0, 52, 64
1, 3593, Note_off_c, 0, 63, 64
1, 3593, Note_on_c, 0, 64, 23
1, 3593, Note_off_c, 0, 70, 64
1, 3593, Note_on_c, 0, 71, 13
1, 3595, Note_off_c, 0, 51, 64
1, 3595, Note_on_c, 0, 52, 35
1, 3602, Note_off_c, 0, 71, 64
1, 3604, Note_on_c, 0, 71, 16
1, 3613, Note_on_c, 0, 51, 22
1, 3613, Note_off_c, 0, 52, 64
1, 3614, Note_off_c, 0, 64, 64
1, 3614, Note_on_c, 0, 70, 14
1, 3614, Note_off_c, 0, 71, 64
1, 3617, Note_off_c, 0, 51, 64
1, 3618, Note_off_c, 0, 70, 64
1, 3630, Note_on_c, 0, 57, 34
1, 3632, Note_off_c, 0, 57, 64
1, 3632, Note_on_c, 0, 58, 55
1, 3639, Note_on_c, 0, 69, 33
1, 3640, Note_on_c, 0, 57, 55
1, 3640, Note_off_c, 0, 58, 64
1, 3654, Note_off_c, 0, 57, 64
1, 3654, Note_on_c, 0, 58, 44
1, 3654, Note_off_c, 0, 69, 64
1, 3657, Note_off_c, 0, 58, 64
1, 3657, Note_on_c, 0, 59, 46
1, 3660, Note_on_c, 0, 58, 36
1, 3660, Note_off_c, 0, 59, 64
1, 3664, Note_off_c, 0, 58, 64
1, 3665, Note_on_c, 0, 60, 58
1, 3667, Note_on_c, 0, 59, 59
1, 3667, Note_off_c, 0, 60, 64
1, 3670, Note_off_c, 0, 59, 64
1, 3671, Note_on_c, 0, 57, 56
1, 3674, Note_on_c, 0, 56, 55
1, 3674, Note_off_c, 0, 57, 64
1, 3681, Note_off_c, 0, 56, 64
1, 3681, Note_on_c, 0, 57, 55
1, 3687, Note_on_c, 0, 56, 53
1, 3687, Note_off_c, 0, 57, 64
1, 3691, Note_on_c, 0, 55, 44
1, 3691, Note_off_c, 0, 56, 64
1, 3693, Note_off_c, 0, 55, 64
1, 3695, Note_on_c, 0, 52, 31
1, 3699, Note_off_c, 0, 52, 64
1, 3699, Note_on_c, 0, 63, 29
1, 3700, Note_on_c, 0, 69, 16
1, 3701, Note_on_c, 0, 50, 27
1, 3702, Note_on_c, 0, 62, 31
1, 3702, Note_off_c, 0, 63, 64
1, 3704, Note_off_c, 0, 50, 64
1, 3704, Note_on_c, 0, 51, 33
1, 3705, Note_off_c, 0, 62, 64
1, 3705, Note_on_c, 0, 63, 34
1, 3705, Note_off_c, 0, 69, 64
1, 3705, Note_on_c, 0, 70, 19
1, 3711, Note_off_c, 0, 51, 64
1, 3711, Note_on_c, 0, 52, 33
1, 3712, Note_off_c, 0, 63, 64
1, 3712, Note_off_c, 0, 70, 64
1, 3713, Note_on_c, 0, 63, 34
1, 3714, Note_on_c, 0, 70, 13
1, 3715, Note_on_c, 0, 51, 32
1, 3715, Note_off_c, 0, 52, 64
1, 3720, Note_on_c, 0, 50, 24
1, 3720, Note_off_c, 0, 51, 64
1, 3723, Note_off_c, 0, 50, 64
1, 3723, Note_on_c, 0, 51, 30
1, 3731, Note_off_c, 0, 51, 64
1, 3731, Note_on_c, 0, 52, 33
1, 3732, Note_off_c, 0, 70, 64
1, 3734, Note_off_c, 0, 63, 64
1, 3736, Note_on_c, 0, 70, 10
1, 3738, Note_on_c, 0, 51, 33
1, 3738, Note_off_c, 0, 52, 64
1, 3744, Note_off_c, 0, 70, 64
1, 3746, Note_off_c, 0, 51, 64
1, 3761, Note_on_c, 0, 57, 42
1, 3762, Note_on_c, 0, 70, 51
1, 3763, Note_off_c, 0, 57, 64
1, 3763, Note_on_c, 0, 58, 45
1, 3766, Note_on_c, 0, 57, 44
1, 3766, Note_off_c, 0, 58, 64
1, 3767, Note_off_c, 0, 70, 64
1, 3770, Note_on_c, 0, 68, 26
1, 3771, Note_on_c, 0, 56, 41
1, 3771, Note_off_c, 0, 57, 64
1, 3777, Note_off_c, 0, 56, 64
1, 3777, Note_on_c, 0, 57, 43
1, 3777, Note_off_c, 0, 68, 64
1, 3791, Note_on_c, 0, 56, 51
1, 3791, Note_off_c, 0, 57, 64
1, 3802, Note_off_c, 0, 56, 64
1, 3802, Note_on_c, 0, 57, 54
1, 3809, Note_on_c, 0, 68, 24
1, 3810, Note_on_c, 0, 56, 52
1, 3810, Note_off_c, 0, 57, 64
1, 3813, Note_off_c, 0, 68, 64
1, 3814, Note_off_c, 0, 56, 64
1, 3829, Note_on_c, 0, 49, 37
1, 3831, Note_off_c, 0, 49, 64
1, 3831, Note_on_c, 0, 50, 37
1, 3834, Note_off_c, 0, 50, 64
1, 3834, Note_on_c, 0, 51, 34
1, 3834, Note_on_c, 0, 63, 38
1, 3838, Note_off_c, 0, 51, 64
1, 3838, Note_on_c, 0, 52, 34
1, 3839, Note_off_c, 0, 63, 64
1, 3839, Note_on_c, 0, 64, 38
1, 3846, Note_on_c, 0, 51, 30
1, 3846, Note_off_c, 0, 52, 64
1, 3847, Note_on_c, 0, 63, 36
1, 3847, Note_off_c, 0, 64, 64
1, 3859, Note_off_c, 0, 51, 64
1, 3859, Note_on_c, 0, 52, 32
1, 3861, Note_off_c, 0, 63, 64
1, 3861, Note_on_c, 0, 64, 35
1, 3872, Note_on_c, 0, 63, 31
1, 3872, Note_off_c, 0, 64, 64
1, 3873, Note_on_c, 0, 51, 27
1, 3873, Note_off_c, 0, 52, 64
1, 3882, Note_on_c, 0, 70, 10
1, 3887, Note_off_c, 0, 51, 64
1, 3887, Note_on_c, 0, 52, 32
1, 3887, Note_off_c, 0, 70, 64
1, 3888, Note_off_c, 0, 63, 64
1, 3900, Note_on_c, 0, 51, 28
1, 3900, Note_off_c, 0, 52, 64
1, 3906, Note_off_c, 0, 51, 64
1, 3906, Note_on_c, 0, 52, 28
1, 3909, Note_off_c, 0, 52, 64
1, 3909, Note_on_c, 0, 53, 32
1, 3911, Note_off_c, 0, 53, 64
1, 3914, Note_on_c, 0, 56, 35
1, 3921, Note_off_c, 0, 56, 64
1, 3922, Note_on_c, 0, 54, 31
1, 3924, Note_on_c, 0, 53, 36
1, 3924, Note_off_c, 0, 54, 64
1, 3931, Note_off_c, 0, 53, 64
1, 3931, Note_on_c, 0, 54, 32
1, 3934, Note_off_c, 0, 54, 64
1, 3935, Note_on_c, 0, 56, 30
1, 3942, Note_on_c, 0, 55, 29
1, 3942, Note_off_c, 0, 56, 64
1, 3945, Note_on_c, 0, 54, 28
1, 3945, Note_off_c, 0, 55, 64
1, 3948, Note_on_c, 0, 53, 31
1, 3948, Note_off_c, 0, 54, 64
1, 3952, Note_off_c, 0, 53, 64
1, 3952, Note_on_c, 0, 54, 31
1, 3957, Note_off_c, 0, 54, 64
1, 3957, Note_on_c, 0, 55, 30
1, 3969, Note_on_c, 0, 54, 31
1, 3969, Note_off_c, 0, 55, 64
1, 3978, Note_off_c, 0, 54, 64
1, 3978, Note_on_c, 0, 55, 34
1, 4012, Note_on_c, 0, 54, 18
1, 4012, Note_off_c, 0, 55, 64
1, 4017, Note_off_c, 0, 54, 64
1, 4017, Note_on_c, 0, 55, 23
1, 4040, Note_on_c, 0, 54, 17
1, 4040, Note_off_c, 0, 55, 64
1, 4048, Note_off_c, 0, 54, 64
1, 4048, Note_on_c, 0, 55, 21
1, 4063, Note_on_c, 0, 54, 9
1, 4063, Note_off_c, 0, 55, 64
1, 4066, Note_off_c, 0, 54, 64
1, 4206, Note_on_c, 0, 65, 43
1, 4208, Note_on_c, 0, 64, 68
1, 4208, Note_off_c, 0, 65, 64
1, 4214, Note_on_c, 0, 63, 72
1, 4214, Note_off_c, 0, 64, 64
1, 4220, Note_on_c, 0, 62, 69
1, 4220, Note_off_c, 0, 63, 64
1, 4244, Note_on_c, 0, 61, 60
1, 4244, Note_off_c, 0, 62, 64
1, 4250, Note_off_c, 0, 61, 64
1, 4250, Note_on_c, 0, 62, 60
1, 4256, Note_on_c, 0, 73, 36
1, 4257, Note_on_c, 0, 61, 54
1, 4257, Note_off_c, 0, 62, 64
1, 4264, Note_on_c, 0, 60, 55
1, 4264, Note_off_c, 0, 61, 64
1, 4264, Note_off_c, 0, 73, 64
1, 4270, Note_on_c, 0, 73, 12
1, 4271, Note_off_c, 0, 60, 64
1, 4271, Note_on_c, 0, 61, 48
1, 4273, Note_off_c, 0, 61, 64
1, 4273, Note_on_c, 0, 62, 48
1, 4273, Note_off_c, 0, 73, 64
1, 4276, Note_off_c, 0, 62, 64
1, 4276, Note_on_c, 0, 63, 49
1, 4281, Note_on_c, 0, 62, 45
1, 4281, Note_off_c, 0, 63, 64
1, 4283, Note_on_c, 0, 61, 45
1, 4283, Note_off_c, 0, 62, 64
1, 4285, Note_on_c, 0, 60, 50
1, 4285, Note_off_c, 0, 61, 64
1, 4291, Note_on_c, 0, 73, 13
1, 4292, Note_off_c, 0, 60, 64
1, 4292, Note_on_c, 0, 61, 48
1, 4294, Note_off_c, 0, 61, 64
1, 4294, Note_on_c, 0, 62, 46
1, 4294, Note_off_c, 0, 73, 64
1, 4304, Note_on_c, 0, 61, 49
1, 4304, Note_off_c, 0, 62, 64
1, 4316, Note_off_c, 0, 61, 64
1, 4316, Note_on_c, 0, 62, 49
1, 4326, Note_on_c, 0, 61, 52
1, 4326, Note_off_c, 0, 62, 64
1, 4340, Note_off_c, 0, 61, 64
1, 4340, Note_on_c, 0, 62, 56
1, 4352, Note_on_c, 0, 61, 57
1, 4352, Note_off_c, 0, 62, 64
1, 4362, Note_off_c, 0, 61, 64
1, 4362, Note_on_c, 0, 62, 58
1, 4374, Note_off_c, 0, 62, 64
1, 4376, Note_on_c, 0, 59, 38
1, 4379, Note_off_c, 0, 59, 64
1, 4397, Note_on_c, 0, 69, 71
1, 4399, Note_on_c, 0, 68, 73
1, 4399, Note_off_c, 0, 69, 64
1, 4405, Note_on_c, 0, 67, 70
1, 4405, Note_off_c, 0, 68, 64
1, 4423, Note_on_c, 0, 66, 61
1, 4423, Note_off_c, 0, 67, 64
1, 4432, Note_off_c, 0, 66, 64
1, 4432, Note_on_c, 0, 67, 61
1, 4440, Note_off_c, 0, 67, 64
1, 4441, Note_on_c, 0, 64, 30
1, 4445, Note_off_c, 0, 64, 64
1, 4464, Note_on_c, 0, 67, 60
1, 4466, Note_on_c, 0, 66, 66
1, 4466, Note_off_c, 0, 67, 64
1, 4471, Note_on_c, 0, 65, 73
1, 4471, Note_off_c, 0, 66, 64
1, 4475, Note_on_c, 0, 64, 75
1, 4475, Note_off_c, 0, 65, 64
1, 4479, Note_on_c, 0, 63, 74
1, 4479, Note_off_c, 0, 64, 64
1, 4482, Note_off_c, 0, 63, 64
1, 4482, Note_on_c, 0, 64, 70
1, 4499, Note_on_c, 0, 63, 63
1, 4499, Note_off_c, 0, 64, 64
1, 4504, Note_off_c, 0, 63, 64
1, 4504, Note_on_c, 0, 64, 63
1, 4546, Note_on_c, 0, 63, 50
1, 4546, Note_off_c, 0, 64, 64
1, 4550, Note_off_c, 0, 63, 64
1, 4550, Note_on_c, 0, 64, 74
1, 4572, Note_on_c, 0, 63, 66
1, 4572, Note_off_c, 0, 64, 64
1, 4575, Note_off_c, 0, 63, 64
1, 4589, Note_on_c, 0, 69, 65
1, 4592, Note_on_c, 0, 68, 65
1, 4592, Note_off_c, 0, 69, 64
1, 4596, Note_on_c, 0, 67, 63
1, 4596, Note_off_c, 0, 68, 64
1, 4599, Note_on_c, 0, 66, 61
1, 4599, Note_off_c, 0, 67, 64
1, 4609, Note_off_c, 0, 66, 64
1, 4609, Note_on_c, 0, 67, 54
1, 4619, Note_on_c, 0, 66, 52
1, 4619, Note_off_c, 0, 67, 64
1, 4629, Note_off_c, 0, 66, 64
1, 4629, Note_on_c, 0, 67, 55
1, 4648, Note_on_c, 0, 66, 44
1, 4648, Note_off_c, 0, 67, 64
1, 4658, Note_off_c, 0, 66, 64
1, 4658, Note_on_c, 0, 67, 41
1, 4670, Note_on_c, 0, 66, 63
1, 4670, Note_off_c, 0, 67, 64
1, 4684, Note_off_c, 0, 66, 64
1, 4684, Note_on_c, 0, 67, 62
1, 4694, Note_off_c, 0, 67, 64
1, 4695, Note_on_c, 0, 65, 41
1, 4699, Note_off_c, 0, 65, 64
1, 4718, Note_on_c, 0, 67, 33
1, 4724, Note_on_c, 0, 66, 30
1, 4724, Note_off_c, 0, 67, 64
1, 4726, Note_on_c, 0, 65, 39
1, 4726, Note_off_c, 0, 66, 64
1, 4729, Note_on_c, 0, 64, 39
1, 4729, Note_off_c, 0, 65, 64
1, 4731, Note_on_c, 0, 63, 41
1, 4731, Note_off_c, 0, 64, 64
1, 4736, Note_off_c, 0, 63, 64
1, 4736, Note_on_c, 0, 64, 36
1, 4738, Note_off_c, 0, 64, 64
1, 4738, Note_on_c, 0, 65, 31
1, 4740, Note_off_c, 0, 65, 64
1, 4742, Note_on_c, 0, 67, 31
1, 4744, Note_on_c, 0, 66, 35
1, 4744, Note_off_c, 0, 67, 64
1, 4752, Note_on_c, 0, 65, 48
1, 4752, Note_off_c, 0, 66, 64
1, 4754, Note_off_c, 0, 65, 64
1, 4754, Note_on_c, 0, 66, 53
1, 4758, Note_off_c, 0, 66, 64
1, 4758, Note_on_c, 0, 67, 54
1, 4771, Note_on_c, 0, 66, 58
1, 4771, Note_off_c, 0, 67, 64
1, 4780, Note_on_c, 0, 65, 67
1, 4780, Note_off_c, 0, 66, 64
1, 4788, Note_on_c, 0, 64, 78
1, 4788, Note_off_c, 0, 65, 64
1, 4806, Note_on_c, 0, 63, 81
1, 4806, Note_off_c, 0, 64, 64
1, 4813, Note_off_c, 0, 63, 64
1, 4813, Note_on_c, 0, 64, 80
1, 4824, Note_on_c, 0, 63, 80
1, 4824, Note_off_c, 0, 64, 64
1, 4828, Note_off_c, 0, 63, 64
1, 4845, Note_on_c, 0, 67, 60
1, 4853, Note_off_c, 0, 67, 64
1, 4854, Note_on_c, 0, 65, 59
1, 4856, Note_on_c, 0, 64, 63
1, 4856, Note_off_c, 0, 65, 64
1, 4858, Note_on_c, 0, 63, 64
1, 4858, Note_off_c, 0, 64, 64
1, 4866, Note_off_c, 0, 63, 64
1, 4866, Note_on_c, 0, 64, 62
1, 4870, Note_off_c, 0, 64, 64
1, 4870, Note_on_c, 0, 65, 62
1, 4873, Note_on_c, 0, 64, 63
1, 4873, Note_off_c, 0, 65, 64
1, 4879, Note_on_c, 0, 63, 60
1, 4879, Note_off_c, 0, 64, 64
1, 4896, Note_off_c, 0, 63, 64
1, 4896, Note_on_c, 0, 64, 58
1, 4902, Note_on_c, 0, 63, 48
1, 4902, Note_off_c, 0, 64, 64
1, 4906, Note_on_c, 0, 62, 42
1, 4906, Note_off_c, 0, 63, 64
1, 4913, Note_on_c, 0, 61, 44
1, 4913, Note_off_c, 0, 62, 64
1, 4914, Note_on_c, 0, 73, 70
1, 4921, Note_off_c, 0, 61, 64
1, 4922, Note_on_c, 0, 61, 44
1, 4924, Note_off_c, 0, 61, 64
1, 4924, Note_on_c, 0, 62, 46
1, 4926, Note_off_c, 0, 73, 64
1, 4928, Note_on_c, 0, 61, 48
1, 4928, Note_off_c, 0, 62, 64
1, 4931, Note_off_c, 0, 61, 64
1, 4931, Note_on_c, 0, 62, 64
1, 4949, Note_on_c, 0, 73, 21
1, 4951, Note_on_c, 0, 61, 50
1, 4951, Note_off_c, 0, 62, 64
1, 4952, Note_off_c, 0, 73, 64
1, 4953, Note_on_c, 0, 60, 31
1, 4953, Note_off_c, 0, 61, 64
1, 4955, Note_off_c, 0, 60, 64
1, 4968, Note_on_c, 0, 65, 57
1, 4973, Note_off_c, 0, 65, 64
1, 4973, Note_on_c, 0, 66, 53
1, 4975, Note_on_c, 0, 65, 59
1, 4975, Note_off_c, 0, 66, 64
1, 4978, Note_on_c, 0, 64, 62
1, 4978, Note_off_c, 0, 65, 64
1, 4983, Note_off_c, 0, 64, 64
1, 4984, Note_on_c, 0, 64, 58
1, 4990, Note_off_c, 0, 64, 64
1, 4990, Note_on_c, 0, 65, 59
1, 4997, Note_on_c, 0, 64, 60
1, 4997, Note_off_c, 0, 65, 64
1, 5033, Note_on_c, 0, 63, 45
1, 5033, Note_off_c, 0, 64, 64
1, 5037, Note_on_c, 0, 62, 43
1, 5037, Note_off_c, 0, 63, 64
1, 5040, Note_on_c, 0, 61, 44
1, 5040, Note_off_c, 0, 62, 64
1, 5040, Note_on_c, 0, 73, 63
1, 5049, Note_off_c, 0, 61, 64
1, 5049, Note_on_c, 0, 62, 38
1, 5049, Note_off_c, 0, 73, 64
1, 5054, Note_off_c, 0, 62, 64
1, 5054, Note_on_c, 0, 63, 36
1, 5057, Note_on_c, 0, 62, 37
1, 5057, Note_off_c, 0, 63, 64
1, 5060, Note_on_c, 0, 61, 43
1, 5060, Note_off_c, 0, 62, 64
1, 5061, Note_on_c, 0, 73, 55
1, 5070, Note_off_c, 0, 61, 64
1, 5070, Note_on_c, 0, 62, 39
1, 5071, Note_off_c, 0, 73, 64
1, 5083, Note_on_c, 0, 61, 38
1, 5083, Note_off_c, 0, 62, 64
1, 5084, Note_on_c, 0, 73, 51
1, 5089, Note_off_c, 0, 61, 64
1, 5089, Note_on_c, 0, 62, 38
1, 5089, Note_off_c, 0, 73, 64
1, 5106, Note_on_c, 0, 61, 32
1, 5106, Note_off_c, 0, 62, 64
1, 5107, Note_on_c, 0, 73, 43
1, 5113, Note_off_c, 0, 61, 64
1, 5113, Note_on_c, 0, 62, 32
1, 5113, Note_off_c, 0, 73, 64
1, 5124, Note_on_c, 0, 61, 27
1, 5124, Note_off_c, 0, 62, 64
1, 5124, Note_on_c, 0, 73, 38
1, 5131, Note_off_c, 0, 61, 64
1, 5133, Note_off_c, 0, 73, 64
1, 5223, Note_on_c, 0, 62, 58
1, 5225, Note_on_c, 0, 61, 68
1, 5225, Note_off_c, 0, 62, 64
1, 5229, Note_on_c, 0, 72, 19
1, 5230, Note_on_c, 0, 60, 70
1, 5230, Note_off_c, 0, 61, 64
1, 5235, Note_on_c, 0, 71, 21
1, 5235, Note_off_c, 0, 72, 64
1, 5237, Note_on_c, 0, 59, 68
1, 5237, Note_off_c, 0, 60, 64
1, 5276, Note_off_c, 0, 71, 64
1, 5283, Note_on_c, 0, 58, 39
1, 5283, Note_off_c, 0, 59, 64
1, 5288, Note_on_c, 0, 57, 39
1, 5288, Note_off_c, 0, 58, 64
1, 5297, Note_off_c, 0, 57, 64
1, 5297, Note_on_c, 0, 58, 37
1, 5301, Note_off_c, 0, 58, 64
1, 5301, Note_on_c, 0, 59, 37
1, 5305, Note_off_c, 0, 59, 64
1, 5305, Note_on_c, 0, 60, 36
1, 5307, Note_on_c, 0, 59, 37
1, 5307, Note_off_c, 0, 60, 64
1, 5311, Note_on_c, 0, 58, 38
1, 5311, Note_off_c, 0, 59, 64
1, 5313, Note_on_c, 0, 57, 42
1, 5313, Note_off_c, 0, 58, 64
1, 5315, Note_on_c, 0, 56, 41
1, 5315, Note_off_c, 0, 57, 64
1, 5318, Note_off_c, 0, 56, 64
1, 5318, Note_on_c, 0, 57, 42
1, 5320, Note_off_c, 0, 57, 64
1, 5320, Note_on_c, 0, 58, 41
1, 5323, Note_off_c, 0, 58, 64
1, 5323, Note_on_c, 0, 59, 43
1, 5334, Note_on_c, 0, 58, 47
1, 5334, Note_off_c, 0, 59, 64
1, 5337, Note_on_c, 0, 57, 51
1, 5337, Note_off_c, 0, 58, 64
1, 5340, Note_off_c, 0, 57, 64
1, 5340, Note_on_c, 0, 58, 51
1, 5340, Note_on_c, 0, 70, 56
1, 5344, Note_off_c, 0, 58, 64
1, 5344, Note_on_c, 0, 59, 53
1, 5344, Note_off_c, 0, 70, 64
1, 5344, Note_on_c, 0, 71, 63
1, 5361, Note_on_c, 0, 58, 50
1, 5361, Note_off_c, 0, 59, 64
1, 5361, Note_on_c, 0, 70, 64
1, 5361, Note_off_c, 0, 71, 64
1, 5365, Note_off_c, 0, 58, 64
1, 5366, Note_off_c, 0, 70, 64
1, 5366, Note_on_c, 0, 71, 64
1, 5367, Note_on_c, 0, 59, 51
1, 5380, Note_on_c, 0, 58, 53
1, 5380, Note_off_c, 0, 59, 64
1, 5380, Note_on_c, 0, 70, 62
1, 5380, Note_off_c, 0, 71, 64
1, 5385, Note_on_c, 0, 57, 50
1, 5385, Note_off_c, 0, 58, 64
1, 5385, Note_off_c, 0, 70, 64
1, 5386, Note_on_c, 0, 70, 20
1, 5387, Note_off_c, 0, 57, 64
1, 5389, Note_off_c, 0, 70, 64
1, 5413, Note_on_c, 0, 65, 56
1, 5416, Note_on_c, 0, 64, 63
1, 5416, Note_off_c, 0, 65, 64
1, 5418, Note_on_c, 0, 63, 68
1, 5418, Note_off_c, 0, 64, 64
1, 5421, Note_on_c, 0, 62, 65
1, 5421, Note_off_c, 0, 63, 64
1, 5423, Note_on_c, 0, 61, 60
1, 5423, Note_off_c, 0, 62, 64
1, 5430, Note_off_c, 0, 61, 64
1, 5430, Note_on_c, 0, 62, 63
1, 5445, Note_on_c, 0, 61, 56
1, 5445, Note_off_c, 0, 62, 64
1, 5449, Note_off_c, 0, 61, 64
1, 5449, Note_on_c, 0, 62, 57
1, 5460, Note_off_c, 0, 62, 64
1, 5461, Note_on_c, 0, 60, 47
1, 5464, Note_off_c, 0, 60, 64
1, 5465, Note_on_c, 0, 60, 45
1, 5473, Note_off_c, 0, 60, 64
1, 5477, Note_on_c, 0, 63, 46
1, 5493, Note_off_c, 0, 63, 64
1, 5493, Note_on_c, 0, 64, 43
1, 5495, Note_on_c, 0, 63, 44
1, 5495, Note_off_c, 0, 64, 64
1, 5506, Note_off_c, 0, 63, 64
1, 5506, Note_on_c, 0, 64, 44
1, 5514, Note_on_c, 0, 63, 52
1, 5514, Note_off_c, 0, 64, 64
1, 5518, Note_on_c, 0, 62, 53
1, 5518, Note_off_c, 0, 63, 64
1, 5520, Note_off_c, 0, 62, 64
1, 5520, Note_on_c, 0, 63, 68
1, 5523, Note_off_c, 0, 63, 64
1, 5523, Note_on_c, 0, 64, 73
1, 5535, Note_on_c, 0, 63, 75
1, 5535, Note_off_c, 0, 64, 64
1, 5545, Note_off_c, 0, 63, 64
1, 5545, Note_on_c, 0, 64, 74
1, 5592, Note_on_c, 0, 63, 68
1, 5592, Note_off_c, 0, 64, 64
1, 5599, Note_off_c, 0, 63, 64
1, 5601, Note_on_c, 0, 64, 52
1, 5605, Note_off_c, 0, 64, 64
1, 5607, Note_on_c, 0, 63, 45
1, 5610, Note_off_c, 0, 63, 64
1, 5611, Note_on_c, 0, 63, 47
1, 5617, Note_on_c, 0, 62, 44
1, 5617, Note_off_c, 0, 63, 64
1, 5619, Note_on_c, 0, 61, 41
1, 5619, Note_off_c, 0, 62, 64
1, 5619, Note_on_c, 0, 73, 59
1, 5622, Note_on_c, 0, 60, 41
1, 5622, Note_off_c, 0, 61, 64
1, 5622, Note_on_c, 0, 72, 45
1, 5622, Note_off_c, 0, 73, 64
1, 5627, Note_off_c, 0, 60, 64
1, 5627, Note_on_c, 0, 61, 39
1, 5627, Note_off_c, 0, 72, 64
1, 5627, Note_on_c, 0, 73, 47
1, 5630, Note_off_c, 0, 61, 64
1, 5630, Note_off_c, 0, 73, 64
1, 5631, Note_on_c, 0, 63, 40
1, 5633, Note_off_c, 0, 63, 64
1, 5633, Note_on_c, 0, 64, 42
1, 5642, Note_on_c, 0, 63, 47
1, 5642, Note_off_c, 0, 64, 64
1, 5654, Note_off_c, 0, 63, 64
1, 5654, Note_on_c, 0, 64, 46
1, 5671, Note_on_c, 0, 63, 46
1, 5671, Note_off_c, 0, 64, 64
1, 5674, Note_off_c, 0, 63, 64
1, 5674, Note_on_c, 0, 64, 47
1, 5684, Note_on_c, 0, 63, 42
1, 5684, Note_off_c, 0, 64, 64
1, 5688, Note_off_c, 0, 63, 64
1, 5690, Note_on_c, 0, 66, 43
1, 5692, Note_off_c, 0, 66, 64
1, 5692, Note_on_c, 0, 67, 43
1, 5720, Note_on_c, 0, 66, 33
1, 5720, Note_off_c, 0, 67, 64
1, 5724, Note_on_c, 0, 65, 38
1, 5724, Note_off_c, 0, 66, 64
1, 5728, Note_on_c, 0, 64, 41
1, 5728, Note_off_c, 0, 65, 64
1, 5756, Note_on_c, 0, 63, 43
1, 5756, Note_off_c, 0, 64, 64
1, 5766, Note_off_c, 0, 63, 64
1, 5766, Note_on_c, 0, 64, 51
1, 5780, Note_on_c, 0, 63, 56
1, 5780, Note_off_c, 0, 64, 64
1, 5784, Note_off_c, 0, 63, 64
1, 5784, Note_on_c, 0, 64, 71
1, 5786, Note_off_c, 0, 64, 64
1, 5786, Note_on_c, 0, 65, 72
1, 5788, Note_off_c, 0, 65, 64
1, 5788, Note_on_c, 0, 66, 66
1, 5789, Note_off_c, 0, 66, 64
1, 5790, Note_on_c, 0, 68, 60
1, 5797, Note_on_c, 0, 67, 75
1, 5797, Note_off_c, 0, 68, 64
1, 5803, Note_on_c, 0, 66, 74
1, 5803, Note_off_c, 0, 67, 64
1, 5804, Note_off_c, 0, 66, 64
1, 5804, Note_on_c, 0, 67, 73
1, 5836, Note_on_c, 0, 66, 58
1, 5836, Note_off_c, 0, 67, 64
1, 5838, Note_on_c, 0, 65, 51
1, 5838, Note_off_c, 0, 66, 64
1, 5840, Note_on_c, 0, 64, 34
1, 5840, Note_off_c, 0, 65, 64
1, 5843, Note_off_c, 0, 64, 64
1, 5853, Note_on_c, 0, 67, 38
1, 5855, Note_off_c, 0, 67, 64
1, 5856, Note_on_c, 0, 67, 41
1, 5859, Note_on_c, 0, 66, 36
1, 5859, Note_off_c, 0, 67, 64
1, 5861, Note_on_c, 0, 65, 43
1, 5861, Note_off_c, 0, 66, 64
1, 5865, Note_on_c, 0, 64, 41
1, 5865, Note_off_c, 0, 65, 64
1, 5882, Note_on_c, 0, 63, 53
1, 5882, Note_off_c, 0, 64, 64
1, 5890, Note_off_c, 0, 63, 64
1, 5890, Note_on_c, 0, 64, 73
1, 5896, Note_off_c, 0, 64, 64
1, 5896, Note_on_c, 0, 65, 76
1, 5899, Note_on_c, 0, 64, 76
1, 5899, Note_off_c, 0, 65, 64
1, 5908, Note_on_c, 0, 63, 71
1, 5908, Note_off_c, 0, 64, 64
1, 5912, Note_off_c, 0, 63, 64
1, 5912, Note_on_c, 0, 64, 74
1, 5959, Note_on_c, 0, 63, 74
1, 5959, Note_off_c, 0, 64, 64
1, 5963, Note_off_c, 0, 63, 64
1, 5979, Note_on_c, 0, 65, 69
1, 5986, Note_on_c, 0, 64, 69
1, 5986, Note_off_c, 0, 65, 64
1, 5989, Note_on_c, 0, 63, 68
1, 5989, Note_off_c, 0, 64, 64
1, 5992, Note_on_c, 0, 62, 62
1, 5992, Note_off_c, 0, 63, 64
1, 5994, Note_off_c, 0, 62, 64
1, 5994, Note_on_c, 0, 63, 59
1, 5999, Note_off_c, 0, 63, 64
1, 5999, Note_on_c, 0, 64, 61
1, 6002, Note_off_c, 0, 64, 64
1, 6002, Note_on_c, 0, 65, 60
1, 6006, Note_on_c, 0, 64, 61
1, 6006, Note_off_c, 0, 65, 64
1, 6013, Note_on_c, 0, 63, 59
1, 6013, Note_off_c, 0, 64, 64
1, 6021, Note_off_c, 0, 63, 64
1, 6021, Note_on_c, 0, 64, 58
1, 6031, Note_on_c, 0, 63, 61
1, 6031, Note_off_c, 0, 64, 64
1, 6038, Note_on_c, 0, 62, 55
1, 6038, Note_off_c, 0, 63, 64
1, 6040, Note_on_c, 0, 61, 55
1, 6040, Note_off_c, 0, 62, 64
1, 6042, Note_off_c, 0, 61, 64
1, 6042, Note_on_c, 0, 71, 41
1, 6043, Note_on_c, 0, 59, 69
1, 6046, Note_on_c, 0, 70, 43
1, 6046, Note_off_c, 0, 71, 64
1, 6047, Note_on_c, 0, 58, 64
1, 6047, Note_off_c, 0, 59, 64
1, 6058, Note_off_c, 0, 58, 64
1, 6058, Note_on_c, 0, 59, 59
1, 6058, Note_off_c, 0, 70, 64
1, 6097, Note_on_c, 0, 70, 34
1, 6099, Note_on_c, 0, 58, 46
1, 6099, Note_off_c, 0, 59, 64
1, 6101, Note_on_c, 0, 57, 36
1, 6101, Note_off_c, 0, 58, 64
1, 6101, Note_off_c, 0, 70, 64
1, 6105, Note_off_c, 0, 57, 64
1, 6109, Note_on_c, 0, 60, 47
1, 6111, Note_off_c, 0, 60, 64
1, 6111, Note_on_c, 0, 61, 48
1, 6113, Note_off_c, 0, 61, 64
1, 6113, Note_on_c, 0, 62, 49
1, 6122, Note_on_c, 0, 61, 47
1, 6122, Note_off_c, 0, 62, 64
1, 6133, Note_off_c, 0, 61, 64
1, 6133, Note_on_c, 0, 62, 43
1, 6143, Note_on_c, 0, 61, 41
1, 6143, Note_off_c, 0, 62, 64
1, 6155, Note_off_c, 0, 61, 64
1, 6155, Note_on_c, 0, 62, 40
1, 6171, Note_on_c, 0, 61, 37
1, 6171, Note_off_c, 0, 62, 64
1, 6175, Note_on_c, 0, 73, 55
1, 6184, Note_off_c, 0, 61, 64
1, 6184, Note_on_c, 0, 62, 33
1, 6184, Note_off_c, 0, 73, 64
1, 6195, Note_on_c, 0, 61, 33
1, 6195, Note_off_c, 0, 62, 64
1, 6196, Note_on_c, 0, 73, 37
1, 6202, Note_off_c, 0, 61, 64
1, 6202, Note_on_c, 0, 62, 35
1, 6202, Note_off_c, 0, 73, 64
1, 6242, Note_on_c, 0, 61, 28
1, 6242, Note_off_c, 0, 62, 64
1, 6246, Note_off_c, 0, 61, 64
1, 6246, Note_on_c, 0, 62, 30
1, 6265, Note_on_c, 0, 61, 26
1, 6265, Note_off_c, 0, 62, 64
1, 6276, Note_off_c, 0, 61, 64
1, 6276, Note_on_c, 0, 62, 28
1, 6290, Note_on_c, 0, 61, 26
1, 6290, Note_off_c, 0, 62, 64
1, 6302, Note_off_c, 0, 61, 64
1, 6439, Note_on_c, 0, 69, 65
1, 6441, Note_on_c, 0, 68, 73
1, 6441, Note_off_c, 0, 69, 64
1, 6442, Note_on_c, 0, 67, 72
1, 6442, Note_off_c, 0, 68, 64
1, 6444, Note_on_c, 0, 66, 66
1, 6444, Note_off_c, 0, 67, 64
1, 6446, Note_on_c, 0, 65, 71
1, 6446, Note_off_c, 0, 66, 64
1, 6449, Note_on_c, 0, 64, 72
1, 6449, Note_off_c, 0, 65, 64
1, 6452, Note_on_c, 0, 63, 72
1, 6452, Note_off_c, 0, 64, 64
1, 6468, Note_on_c, 0, 62, 64
1, 6468, Note_off_c, 0, 63, 64
1, 6531, Note_on_c, 0, 61, 54
1, 6531, Note_off_c, 0, 62, 64
1, 6532, Note_on_c, 0, 73, 56
1, 6549, Note_on_c, 0, 60, 56
1, 6549, Note_off_c, 0, 61, 64
1, 6549, Note_off_c, 0, 73, 64
1, 6555, Note_off_c, 0, 60, 64
1, 6558, Note_on_c, 0, 57, 50
1, 6560, Note_off_c, 0, 57, 64
1, 6562, Note_on_c, 0, 54, 35
1, 6564, Note_on_c, 0, 53, 33
1, 6564, Note_off_c, 0, 54, 64
1, 6566, Note_off_c, 0, 53, 64
1, 6566, Note_on_c, 0, 54, 33
1, 6568, Note_off_c, 0, 54, 64
1, 6569, Note_on_c, 0, 68, 45
1, 6570, Note_on_c, 0, 57, 50
1, 6571, Note_off_c, 0, 68, 64
1, 6571, Note_on_c, 0, 69, 60
1, 6573, Note_off_c, 0, 57, 64
1, 6573, Note_on_c, 0, 58, 51
1, 6573, Note_off_c, 0, 69, 64
1, 6573, Note_on_c, 0, 70, 61
1, 6575, Note_off_c, 0, 58, 64
1, 6575, Note_on_c, 0, 59, 52
1, 6575, Note_off_c, 0, 70, 64
1, 6575, Note_on_c, 0, 71, 57
1, 6585, Note_on_c, 0, 58, 50
1, 6585, Note_off_c, 0, 59, 64
1, 6586, Note_on_c, 0, 70, 59
1, 6586, Note_off_c, 0, 71, 64
1, 6593, Note_off_c, 0, 58, 64
1, 6593, Note_on_c, 0, 59, 49
1, 6594, Note_off_c, 0, 70, 64
1, 6594, Note_on_c, 0, 71, 54
1, 6595, Note_on_c, 0, 58, 48
1, 6595, Note_off_c, 0, 59, 64
1, 6597, Note_off_c, 0, 58, 64
1, 6597, Note_on_c, 0, 59, 47
1, 6636, Note_off_c, 0, 59, 64
1, 6636, Note_on_c, 0, 60, 42
1, 6636, Note_off_c, 0, 71, 64
1, 6638, Note_off_c, 0, 60, 64
1, 6638, Note_on_c, 0, 61, 43
1, 6640, Note_off_c, 0, 61, 64
1, 6640, Note_on_c, 0, 62, 44
1, 6642, Note_off_c, 0, 62, 64
1, 6642, Note_on_c, 0, 63, 49
1, 6648, Note_on_c, 0, 62, 48
1, 6648, Note_off_c, 0, 63, 64
1, 6651, Note_on_c, 0, 61, 43
1, 6651, Note_off_c, 0, 62, 64
1, 6660, Note_off_c, 0, 61, 64
1, 6660, Note_on_c, 0, 62, 46
1, 6667, Note_off_c, 0, 62, 64
1, 6668, Note_on_c, 0, 62, 47
1, 6674, Note_on_c, 0, 61, 46
1, 6674, Note_off_c, 0, 62, 64
1, 6678, Note_on_c, 0, 72, 31
1, 6679, Note_on_c, 0, 60, 49
1, 6679, Note_off_c, 0, 61, 64
1, 6686, Note_off_c, 0, 60, 64
1, 6686, Note_on_c, 0, 61, 47
1, 6686, Note_off_c, 0, 72, 64
1, 6688, Note_off_c, 0, 61, 64
1, 6688, Note_on_c, 0, 62, 44
1, 6690, Note_off_c, 0, 62, 64
1, 6690, Note_on_c, 0, 63, 53
1, 6698, Note_on_c, 0, 62, 49
1, 6698, Note_off_c, 0, 63, 64
1, 6700, Note_on_c, 0, 61, 48
1, 6700, Note_off_c, 0, 62, 64
1, 6702, Note_on_c, 0, 60, 50
1, 6702, Note_off_c, 0, 61, 64
1, 6705, Note_off_c, 0, 60, 64
1, 6705, Note_on_c, 0, 61, 50
1, 6708, Note_off_c, 0, 61, 64
1, 6708, Note_on_c, 0, 62, 49
1, 6713, Note_off_c, 0, 62, 64
1, 6713, Note_on_c, 0, 63, 48
1, 6716, Note_on_c, 0, 62, 48
1, 6716, Note_off_c, 0, 63, 64
1, 6720, Note_on_c, 0, 61, 48
1, 6720, Note_off_c, 0, 62, 64
1, 6720, Note_on_c, 0, 73, 48
1, 6728, Note_off_c, 0, 61, 64
1, 6728, Note_on_c, 0, 62, 49
1, 6728, Note_off_c, 0, 73, 64
1, 6741, Note_on_c, 0, 61, 60
1, 6741, Note_off_c, 0, 62, 64
1, 6753, Note_off_c, 0, 61, 64
1, 6753, Note_on_c, 0, 62, 73
1, 6801, Note_off_c, 0, 62, 64
1, 6807, Note_on_c, 0, 61, 16
1, 6811, Note_off_c, 0, 61, 64
1, 6823, Note_on_c, 0, 65, 61
1, 6826, Note_off_c, 0, 65, 64
1, 6826, Note_on_c, 0, 66, 63
1, 6828, Note_on_c, 0, 65, 72
1, 6828, Note_off_c, 0, 66, 64
1, 6833, Note_on_c, 0, 64, 74
1, 6833, Note_off_c, 0, 65, 64
1, 6865, Note_on_c, 0, 63, 64
1, 6865, Note_off_c, 0, 64, 64
1, 6867, Note_on_c, 0, 62, 36
1, 6867, Note_off_c, 0, 63, 64
1, 6869, Note_off_c, 0, 62, 64
1, 6871, Note_on_c, 0, 64, 14
1, 6876, Note_off_c, 0, 64, 64
1, 6881, Note_on_c, 0, 63, 65
1, 6884, Note_on_c, 0, 62, 56
1, 6884, Note_off_c, 0, 63, 64
1, 6886, Note_on_c, 0, 61, 45
1, 6886, Note_off_c, 0, 62, 64
1, 6888, Note_off_c, 0, 61, 64
1, 6888, Note_on_c, 0, 62, 52
1, 6902, Note_on_c, 0, 61, 60
1, 6902, Note_off_c, 0, 62, 64
1, 6905, Note_off_c, 0, 61, 64
1, 6905, Note_on_c, 0, 62, 68
1, 6928, Note_off_c, 0, 62, 64
1, 6929, Note_on_c, 0, 60, 33
1, 6932, Note_off_c, 0, 60, 64
1, 6941, Note_on_c, 0, 63, 62
1, 6944, Note_on_c, 0, 62, 60
1, 6944, Note_off_c, 0, 63, 64
1, 6963, Note_off_c, 0, 62, 64
1, 6963, Note_on_c, 0, 63, 54
1, 6968, Note_off_c, 0, 63, 64
1, 6968, Note_on_c, 0, 64, 61
1, 6980, Note_on_c, 0, 63, 60
1, 6980, Note_off_c, 0, 64, 64
1, 6985, Note_off_c, 0, 63, 64
1, 6985, Note_on_c, 0, 64, 60
1, 6990, Note_on_c, 0, 63, 45
1, 6990, Note_off_c, 0, 64, 64
1, 6993, Note_off_c, 0, 63, 64
1, 7006, Note_on_c, 0, 69, 34
1, 7007, Note_on_c, 0, 57, 45
1, 7009, Note_on_c, 0, 68, 32
1, 7009, Note_off_c, 0, 69, 64
1, 7011, Note_off_c, 0, 68, 64
1, 7021, Note_on_c, 0, 70, 29
1, 7022, Note_off_c, 0, 57, 64
1, 7022, Note_on_c, 0, 58, 38
1, 7046, Note_off_c, 0, 58, 64
1, 7046, Note_on_c, 0, 59, 40
1, 7046, Note_off_c, 0, 70, 64
1, 7049, Note_on_c, 0, 70, 31
1, 7050, Note_on_c, 0, 58, 40
1, 7050, Note_off_c, 0, 59, 64
1, 7052, Note_on_c, 0, 57, 37
1, 7052, Note_off_c, 0, 58, 64
1, 7052, Note_off_c, 0, 70, 64
1, 7055, Note_off_c, 0, 57, 64
1, 7077, Note_on_c, 0, 63, 58
1, 7082, Note_on_c, 0, 62, 56
1, 7082, Note_off_c, 0, 63, 64
1, 7085, Note_on_c, 0, 61, 50
1, 7085, Note_off_c, 0, 62, 64
1, 7094, Note_off_c, 0, 61, 64
1, 7094, Note_on_c, 0, 62, 51
1, 7130, Note_on_c, 0, 61, 44
1, 7130, Note_off_c, 0, 62, 64
1, 7136, Note_off_c, 0, 61, 64
1, 7136, Note_on_c, 0, 62, 44
1, 7150, Note_off_c, 0, 62, 64
1, 7151, Note_on_c, 0, 62, 37
1, 7160, Note_on_c, 0, 61, 38
1, 7160, Note_off_c, 0, 62, 64
1, 7161, Note_on_c, 0, 73, 43
1, 7170, Note_off_c, 0, 61, 64
1, 7170, Note_on_c, 0, 62, 40
1, 7170, Note_off_c, 0, 73, 64
1, 7176, Note_off_c, 0, 62, 64
1, 7176, Note_on_c, 0, 63, 38
1, 7178, Note_on_c, 0, 62, 38
1, 7178, Note_off_c, 0, 63, 64
1, 7182, Note_on_c, 0, 61, 40
1, 7182, Note_off_c, 0, 62, 64
1, 7183, Note_on_c, 0, 73, 44
1, 7190, Note_off_c, 0, 61, 64
1, 7190, Note_on_c, 0, 62, 38
1, 7190, Note_off_c, 0, 73, 64
1, 7195, Note_off_c, 0, 62, 64
1, 7195, Note_on_c, 0, 63, 35
1, 7198, Note_on_c, 0, 62, 35
1, 7198, Note_off_c, 0, 63, 64
1, 7202, Note_on_c, 0, 61, 40
1, 7202, Note_off_c, 0, 62, 64
1, 7210, Note_off_c, 0, 61, 64
1, 7210, Note_on_c, 0, 62, 48
1, 7222, Note_off_c, 0, 62, 64
1, 7223, Note_on_c, 0, 62, 49
1, 7228, Note_on_c, 0, 61, 30
1, 7228, Note_off_c, 0, 62, 64
1, 7230, Note_off_c, 0, 61, 64
1, 7230, Note_on_c, 0, 62, 21
1, 7233, Note_off_c, 0, 62, 64
1, 7305, Note_on_c, 0, 53, 40
1, 7307, Note_on_c, 0, 64, 39
1, 7307, Note_on_c, 0, 71, 20
1, 7308, Note_on_c, 0, 52, 41
1, 7308, Note_off_c, 0, 53, 64
1, 7310, Note_on_c, 0, 63, 41
1, 7310, Note_off_c, 0, 64, 64
1, 7310, Note_on_c, 0, 70, 20
1, 7310, Note_off_c, 0, 71, 64
1, 7312, Note_on_c, 0, 51, 33
1, 7312, Note_off_c, 0, 52, 64
1, 7316, Note_off_c, 0, 51, 64
1, 7317, Note_on_c, 0, 51, 30
1, 7322, Note_off_c, 0, 51, 64
1, 7322, Note_on_c, 0, 52, 36
1, 7323, Note_off_c, 0, 63, 64
1, 7323, Note_off_c, 0, 70, 64
1, 7332, Note_on_c, 0, 51, 32
1, 7332, Note_off_c, 0, 52, 64
1, 7332, Note_on_c, 0, 63, 32
1, 7334, Note_on_c, 0, 70, 15
1, 7363, Note_on_c, 0, 50, 24
1, 7363, Note_off_c, 0, 51, 64
1, 7367, Note_off_c, 0, 50, 64
1, 7367, Note_on_c, 0, 51, 27
1, 7378, Note_off_c, 0, 70, 64
1, 7381, Note_off_c, 0, 51, 64
1, 7381, Note_on_c, 0, 52, 30
1, 7382, Note_off_c, 0, 63, 64
1, 7389, Note_on_c, 0, 51, 29
1, 7389, Note_off_c, 0, 52, 64
1, 7393, Note_off_c, 0, 51, 64
1, 7397, Note_on_c, 0, 52, 33
1, 7399, Note_off_c, 0, 52, 64
1, 7399, Note_on_c, 0, 53, 40
1, 7401, Note_on_c, 0, 66, 17
1, 7402, Note_off_c, 0, 53, 64
1, 7402, Note_on_c, 0, 54, 39
1, 7408, Note_on_c, 0, 53, 36
1, 7408, Note_off_c, 0, 54, 64
1, 7408, Note_off_c, 0, 66, 64
1, 7410, Note_on_c, 0, 52, 38
1, 7410, Note_off_c, 0, 53, 64
1, 7412, Note_off_c, 0, 52, 64
1, 7415, Note_on_c, 0, 48, 30
1, 7417, Note_off_c, 0, 48, 64
1, 7417, Note_on_c, 0, 49, 31
1, 7420, Note_off_c, 0, 49, 64
1, 7424, Note_on_c, 0, 52, 30
1, 7427, Note_off_c, 0, 52, 64
1, 7427, Note_on_c, 0, 53, 35
1, 7433, Note_on_c, 0, 52, 34
1, 7433, Note_off_c, 0, 53, 64
1, 7435, Note_on_c, 0, 63, 24
1, 7436, Note_off_c, 0, 52, 64
1, 7437, Note_on_c, 0, 50, 24
1, 7438, Note_off_c, 0, 63, 64
1, 7447, Note_off_c, 0, 50, 64
1, 7447, Note_on_c, 0, 51, 25
1, 7466, Note_off_c, 0, 51, 64
1, 7466, Note_on_c, 0, 52, 30
1, 7475, Note_on_c, 0, 51, 29
1, 7475, Note_off_c, 0, 52, 64
1, 7478, Note_off_c, 0, 51, 64
1, 7486, Note_on_c, 0, 53, 42
1, 7488, Note_off_c, 0, 53, 64
1, 7488, Note_on_c, 0, 54, 45
1, 7490, Note_off_c, 0, 54, 64
1, 7490, Note_on_c, 0, 55, 49
1, 7503, Note_on_c, 0, 54, 48
1, 7503, Note_off_c, 0, 55, 64
1, 7511, Note_off_c, 0, 54, 64
1, 7512, Note_on_c, 0, 56, 59
1, 7519, Note_on_c, 0, 67, 30
1, 7520, Note_on_c, 0, 55, 53
1, 7520, Note_off_c, 0, 56, 64
1, 7526, Note_on_c, 0, 54, 48
1, 7526, Note_off_c, 0, 55, 64
1, 7526, Note_off_c, 0, 67, 64
1, 7533, Note_off_c, 0, 54, 64
1, 7533, Note_on_c, 0, 55, 41
1, 7538, Note_on_c, 0, 54, 33
1, 7538, Note_off_c, 0, 55, 64
1, 7543, Note_off_c, 0, 54, 64
1, 7543, Note_on_c, 0, 55, 42
1, 7549, Note_off_c, 0, 55, 64
1, 7549, Note_on_c, 0, 56, 45
1, 7549, Note_on_c, 0, 69, 43
1, 7551, Note_off_c, 0, 69, 64
1, 7553, Note_on_c, 0, 69, 46
1, 7554, Note_off_c, 0, 56, 64
1, 7554, Note_on_c, 0, 57, 46
1, 7562, Note_on_c, 0, 56, 49
1, 7562, Note_off_c, 0, 57, 64
1, 7562, Note_off_c, 0, 69, 64
1, 7578, Note_off_c, 0, 56, 64
1, 7578, Note_on_c, 0, 57, 50
1, 7591, Note_off_c, 0, 57, 64
1, 7592, Note_on_c, 0, 55, 36
1, 7594, Note_on_c, 0, 54, 37
1, 7594, Note_off_c, 0, 55, 64
1, 7597, Note_on_c, 0, 67, 19
1, 7598, Note_off_c, 0, 54, 64
1, 7598, Note_on_c, 0, 55, 41
1, 7600, Note_off_c, 0, 55, 64
1, 7600, Note_on_c, 0, 56, 46
1, 7600, Note_off_c, 0, 67, 64
1, 7602, Note_off_c, 0, 56, 64
1, 7602, Note_on_c, 0, 57, 49
1, 7604, Note_off_c, 0, 57, 64
1, 7604, Note_on_c, 0, 58, 50
1, 7607, Note_off_c, 0, 58, 64
1, 7607, Note_on_c, 0, 59, 50
1, 7609, Note_on_c, 0, 58, 49
1, 7609, Note_off_c, 0, 59, 64
1, 7612, Note_on_c, 0, 57, 50
1, 7612, Note_off_c, 0, 58, 64
1, 7614, Note_on_c, 0, 56, 48
1, 7614, Note_off_c, 0, 57, 64
1, 7615, Note_on_c, 0, 67, 23
1, 7616, Note_on_c, 0, 55, 45
1, 7616, Note_off_c, 0, 56, 64
1, 7620, Note_off_c, 0, 55, 64
1, 7620, Note_on_c, 0, 56, 50
1, 7620, Note_off_c, 0, 67, 64
1, 7625, Note_on_c, 0, 69, 20
1, 7626, Note_off_c, 0, 56, 64
1, 7626, Note_on_c, 0, 57, 49
1, 7633, Note_on_c, 0, 56, 49
1, 7633, Note_off_c, 0, 57, 64
1, 7633, Note_off_c, 0, 69, 64
1, 7646, Note_off_c, 0, 56, 64
1, 7646, Note_on_c, 0, 57, 50
1, 7653, Note_on_c, 0, 56, 48
1, 7653, Note_off_c, 0, 57, 64
1, 7658, Note_off_c, 0, 56, 64
1, 7677, Note_on_c, 0, 63, 65
1, 7693, Note_on_c, 0, 62, 59
1, 7693, Note_off_c, 0, 63, 64
1, 7696, Note_off_c, 0, 62, 64
1, 7696, Note_on_c, 0, 63, 58
1, 7702, Note_on_c, 0, 62, 55
1, 7702, Note_off_c, 0, 63, 64
1, 7711, Note_on_c, 0, 61, 49
1, 7711, Note_off_c, 0, 62, 64
1, 7715, Note_on_c, 0, 72, 25
1, 7716, Note_on_c, 0, 60, 51
1, 7716, Note_off_c, 0, 61, 64
1, 7722, Note_off_c, 0, 60, 64
1, 7722, Note_on_c, 0, 61, 49
1, 7722, Note_off_c, 0, 72, 64
1, 7725, Note_off_c, 0, 61, 64
1, 7726, Note_on_c, 0, 63, 49
1, 7730, Note_off_c, 0, 63, 64
1, 7731, Note_on_c, 0, 63, 55
1, 7736, Note_on_c, 0, 62, 53
1, 7736, Note_off_c, 0, 63, 64
1, 7737, Note_on_c, 0, 73, 22
1, 7738, Note_on_c, 0, 61, 54
1, 7738, Note_off_c, 0, 62, 64
1, 7740, Note_off_c, 0, 73, 64
1, 7745, Note_off_c, 0, 61, 64
1, 7745, Note_on_c, 0, 62, 53
1, 7748, Note_off_c, 0, 62, 64
1, 7748, Note_on_c, 0, 63, 59
1, 7756, Note_on_c, 0, 62, 58
1, 7756, Note_off_c, 0, 63, 64
1, 7789, Note_off_c, 0, 62, 64
1, 7790, Note_on_c, 0, 60, 34
1, 7792, Note_off_c, 0, 60, 64
1, 7811, Note_on_c, 0, 65, 60
1, 7815, Note_off_c, 0, 65, 64
1, 7815, Note_on_c, 0, 66, 47
1, 7817, Note_on_c, 0, 65, 49
1, 7817, Note_off_c, 0, 66, 64
1, 7819, Note_off_c, 0, 65, 64
1, 7822, Note_on_c, 0, 72, 13
1, 7823, Note_on_c, 0, 60, 56
1, 7828, Note_off_c, 0, 72, 64
1, 7829, Note_off_c, 0, 60, 64
1, 7829, Note_on_c, 0, 61, 52
1, 7831, Note_off_c, 0, 61, 64
1, 7832, Note_on_c, 0, 63, 51
1, 7836, Note_off_c, 0, 63, 64
1, 7837, Note_on_c, 0, 63, 55
1, 7842, Note_on_c, 0, 62, 51
1, 7842, Note_off_c, 0, 63, 64
1, 7845, Note_on_c, 0, 61, 46
1, 7845, Note_off_c, 0, 62, 64
1, 7851, Note_off_c, 0, 61, 64
1, 7851, Note_on_c, 0, 62, 49
1, 7869, Note_on_c, 0, 61, 45
1, 7869, Note_off_c, 0, 62, 64
1, 7869, Note_on_c, 0, 73, 69
1, 7876, Note_on_c, 0, 60, 52
1, 7876, Note_off_c, 0, 61, 64
1, 7877, Note_on_c, 0, 72, 69
1, 7877, Note_off_c, 0, 73, 64
1, 7882, Note_on_c, 0, 71, 59
1, 7882, Note_off_c, 0, 72, 64
1, 7883, Note_on_c, 0, 59, 52
1, 7883, Note_off_c, 0, 60, 64
1, 7891, Note_off_c, 0, 59, 64
1, 7892, Note_on_c, 0, 59, 47
1, 7894, Note_on_c, 0, 58, 48
1, 7894, Note_off_c, 0, 59, 64
1, 7894, Note_on_c, 0, 70, 58
1, 7894, Note_off_c, 0, 71, 64
1, 7916, Note_off_c, 0, 58, 64
1, 7918, Note_off_c, 0, 70, 64
1, 7937, Note_on_c, 0, 57, 38
1, 7939, Note_off_c, 0, 57, 64
1, 7939, Note_on_c, 0, 58, 40
1, 7941, Note_off_c, 0, 58, 64
1, 7941, Note_on_c, 0, 59, 43
1, 7944, Note_off_c, 0, 59, 64
1, 7944, Note_on_c, 0, 60, 45
1, 7952, Note_on_c, 0, 59, 43
1, 7952, Note_off_c, 0, 60, 64
1, 7954, Note_off_c, 0, 59, 64
1, 7955, Note_on_c, 0, 57, 37
1, 7958, Note_on_c, 0, 68, 30
1, 7959, Note_on_c, 0, 56, 35
1, 7959, Note_off_c, 0, 57, 64
1, 7965, Note_off_c, 0, 56, 64
1, 7965, Note_on_c, 0, 57, 35
1, 7965, Note_off_c, 0, 68, 64
1, 7973, Note_on_c, 0, 56, 34
1, 7973, Note_off_c, 0, 57, 64
1, 7997, Note_on_c, 0, 55, 31
1, 7997, Note_off_c, 0, 56, 64
1, 7997, Note_on_c, 0, 67, 33
1, 7999, Note_off_c, 0, 55, 64
1, 7999, Note_off_c, 0, 67, 64
1, 8001, Note_on_c, 0, 52, 35
1, 8003, Note_on_c, 0, 63, 36
1, 8003, Note_on_c, 0, 70, 21
1, 8005, Note_on_c, 0, 51, 29
1, 8005, Note_off_c, 0, 52, 64
1, 8007, Note_on_c, 0, 50, 24
1, 8007, Note_off_c, 0, 51, 64
1, 8010, Note_off_c, 0, 50, 64
1, 8010, Note_on_c, 0, 51, 24
1, 8013, Note_off_c, 0, 51, 64
1, 8013, Note_on_c, 0, 52, 30
1, 8013, Note_off_c, 0, 63, 64
1, 8014, Note_off_c, 0, 70, 64
1, 8022, Note_on_c, 0, 51, 25
1, 8022, Note_off_c, 0, 52, 64
1, 8027, Note_off_c, 0, 51, 64
1, 8027, Note_on_c, 0, 70, 13
1, 8028, Note_on_c, 0, 51, 23
1, 8034, Note_off_c, 0, 51, 64
1, 8034, Note_on_c, 0, 52, 26
1, 8035, Note_off_c, 0, 70, 64
1, 8042, Note_off_c, 0, 52, 64
1, 8045, Note_on_c, 0, 49, 10
1, 8048, Note_off_c, 0, 49, 64
1, 8066, Note_on_c, 0, 60, 40
1, 8071, Note_off_c, 0, 60, 64
1, 8073, Note_on_c, 0, 69, 35
1, 8074, Note_on_c, 0, 56, 36
1, 8075, Note_off_c, 0, 69, 64
1, 8076, Note_off_c, 0, 56, 64
1, 8076, Note_on_c, 0, 67, 29
1, 8077, Note_on_c, 0, 54, 31
1, 8078, Note_off_c, 0, 67, 64
1, 8081, Note_off_c, 0, 54, 64
1, 8082, Note_on_c, 0, 56, 29
1, 8084, Note_off_c, 0, 56, 64
1, 8084, Note_on_c, 0, 57, 34
1, 8086, Note_off_c, 0, 57, 64
1, 8086, Note_on_c, 0, 58, 32
1, 8088, Note_off_c, 0, 58, 64
1, 8088, Note_on_c, 0, 59, 34
1, 8092, Note_on_c, 0, 58, 34
1, 8092, Note_off_c, 0, 59, 64
1, 8095, Note_on_c, 0, 69, 17
1, 8096, Note_on_c, 0, 57, 35
1, 8096, Note_off_c, 0, 58, 64
1, 8098, Note_on_c, 0, 56, 32
1, 8098, Note_off_c, 0, 57, 64
1, 8098, Note_off_c, 0, 69, 64
1, 8101, Note_off_c, 0, 56, 64
1, 8103, Note_on_c, 0, 56, 28
1, 8107, Note_off_c, 0, 56, 64
1, 8107, Note_on_c, 0, 57, 30
1, 8119, Note_on_c, 0, 56, 31
1, 8119, Note_off_c, 0, 57, 64
1, 8122, Note_off_c, 0, 56, 64
1, 8122, Note_on_c, 0, 57, 33
1, 8130, Note_on_c, 0, 56, 32
1, 8130, Note_off_c, 0, 57, 64
1, 8135, Note_off_c, 0, 56, 64
1, 8139, Note_on_c, 0, 53, 31
1, 8143, Note_off_c, 0, 53, 64
1, 8143, Note_on_c, 0, 54, 32
1, 8144, Note_on_c, 0, 73, 13
1, 8147, Note_off_c, 0, 54, 64
1, 8147, Note_on_c, 0, 55, 27
1, 8147, Note_off_c, 0, 73, 64
1, 8154, Note_on_c, 0, 54, 25
1, 8154, Note_off_c, 0, 55, 64
1, 8163, Note_off_c, 0, 54, 64
1, 8163, Note_on_c, 0, 55, 28
1, 8178, Note_on_c, 0, 54, 24
1, 8178, Note_off_c, 0, 55, 64
1, 8181, Note_on_c, 0, 53, 30
1, 8181, Note_off_c, 0, 54, 64
1, 8186, Note_off_c, 0, 53, 64
1, 8186, Note_on_c, 0, 54, 30
1, 8190, Note_off_c, 0, 54, 64
1, 8190, Note_on_c, 0, 55, 25
1, 8202, Note_on_c, 0, 54, 23
1, 8202, Note_off_c, 0, 55, 64
1, 8214, Note_off_c, 0, 54, 64
1, 8214, Note_on_c, 0, 55, 20
1, 8231, Note_on_c, 0, 54, 15
1, 8231, Note_off_c, 0, 55, 64
1, 8242, Note_off_c, 0, 54, 64
1, 8242, Note_on_c, 0, 55, 14
1, 8260, Note_off_c, 0, 55, 64
1, 8260, End_track
0, 0, End_of_file
